Date,Symbol,Expiry Date,Open,High,Low,Close,Previous Close,Volume,Value,Open Interest
04 Aug 2026,CARDAMOM,31DEC2026,0.0,0.0,0.0,3500.0,3500.0,0,0.0,0
03 Aug 2026,CARDAMOM,31DEC2026,0.0,0.0,0.0,3500.0,3500.0,0,0.0,0
04 Aug 2026,CARDAMOM,30NOV2026,0.0,0.0,0.0,3500.0,3500.0,0,0.0,0
03 Aug 2026,CARDAMOM,30NOV2026,0.0,0.0,0.0,3500.0,3500.0,0,0.0,0
31 Jul 2026,CARDAMOM,30NOV2026,0.0,0.0,0.0,3500.0,3500.0,0,0.0,0
30 Jul 2026,CARDAMOM,30NOV2026,0.0,0.0,0.0,3500.0,3500.0,0,0.0,0
29 Jul 2026,CARDAMOM,30NOV2026,0.0,0.0,0.0,3500.0,3500.0,0,0.0,0
28 Jul 2026,CARDAMOM,30NOV2026,0.0,0.0,0.0,3500.0,3500.0,0,0.0,0
27 Jul 2026,CARDAMOM,30NOV2026,0.0,0.0,0.0,3500.0,3500.0,0,0.0,0
24 Jul 2026,CARDAMOM,30NOV2026,0.0,0.0,0.0,3500.0,3500.0,0,0.0,0
23 Jul 2026,CARDAMOM,30NOV2026,0.0,0.0,0.0,3400.0,3400.0,0,0.0,0
22 Jul 2026,CARDAMOM,30NOV2026,0.0,0.0,0.0,3400.0,3400.0,0,0.0,0
21 Jul 2026,CARDAMOM,30NOV2026,0.0,0.0,0.0,3180.0,3180.0,0,0.0,0
20 Jul 2026,CARDAMOM,30NOV2026,0.0,0.0,0.0,3075.0,3075.0,0,0.0,0
17 Jul 2026,CARDAMOM,30NOV2026,0.0,0.0,0.0,3075.0,3075.0,0,0.0,0
16 Jul 2026,CARDAMOM,30NOV2026,0.0,0.0,0.0,3075.0,3075.0,0,0.0,0
15 Jul 2026,CARDAMOM,30NOV2026,0.0,0.0,0.0,3075.0,3075.0,0,0.0,0
14 Jul 2026,CARDAMOM,30NOV2026,0.0,0.0,0.0,3075.0,3075.0,0,0.0,0
13 Jul 2026,CARDAMOM,30NOV2026,0.0,0.0,0.0,3075.0,3075.0,0,0.0,0
10 Jul 2026,CARDAMOM,30NOV2026,0.0,0.0,0.0,3075.0,3075.0,0,0.0,0
09 Jul 2026,CARDAMOM,30NOV2026,0.0,0.0,0.0,3075.0,3075.0,0,0.0,0
08 Jul 2026,CARDAMOM,30NOV2026,0.0,0.0,0.0,3075.0,3075.0,0,0.0,0
07 Jul 2026,CARDAMOM,30NOV2026,0.0,0.0,0.0,3075.0,3075.0,0,0.0,0
06 Jul 2026,CARDAMOM,30NOV2026,0.0,0.0,0.0,3075.0,3075.0,0,0.0,0
03 Jul 2026,CARDAMOM,30NOV2026,0.0,0.0,0.0,3075.0,3075.0,0,0.0,0
02 Jul 2026,CARDAMOM,30NOV2026,0.0,0.0,0.0,3075.0,3075.0,0,0.0,0
01 Jul 2026,CARDAMOM,30NOV2026,0.0,0.0,0.0,3075.0,3075.0,0,0.0,0
04 Aug 2026,CARDAMOM,30OCT2026,0.0,0.0,0.0,3520.0,3520.0,0,0.0,0
03 Aug 2026,CARDAMOM,30OCT2026,0.0,0.0,0.0,3520.0,3520.0,0,0.0,0
31 Jul 2026,CARDAMOM,30OCT2026,0.0,0.0,0.0,3520.0,3520.0,0,0.0,0
30 Jul 2026,CARDAMOM,30OCT2026,0.0,0.0,0.0,3520.0,3520.0,0,0.0,0
29 Jul 2026,CARDAMOM,30OCT2026,0.0,0.0,0.0,3520.0,3520.0,0,0.0,0
28 Jul 2026,CARDAMOM,30OCT2026,0.0,0.0,0.0,3520.0,3520.0,0,0.0,0
27 Jul 2026,CARDAMOM,30OCT2026,0.0,0.0,0.0,3520.0,3520.0,0,0.0,0
24 Jul 2026,CARDAMOM,30OCT2026,0.0,0.0,0.0,3520.0,3520.0,0,0.0,0
23 Jul 2026,CARDAMOM,30OCT2026,0.0,0.0,0.0,3400.0,3400.0,0,0.0,0
22 Jul 2026,CARDAMOM,30OCT2026,0.0,0.0,0.0,3400.0,3400.0,0,0.0,0
21 Jul 2026,CARDAMOM,30OCT2026,0.0,0.0,0.0,3300.0,3300.0,0,0.0,0
20 Jul 2026,CARDAMOM,30OCT2026,0.0,0.0,0.0,3185.0,3185.0,0,0.0,0
17 Jul 2026,CARDAMOM,30OCT2026,0.0,0.0,0.0,3185.0,3185.0,0,0.0,0
16 Jul 2026,CARDAMOM,30OCT2026,0.0,0.0,0.0,3185.0,3185.0,0,0.0,0
15 Jul 2026,CARDAMOM,30OCT2026,0.0,0.0,0.0,3185.0,3185.0,0,0.0,0
14 Jul 2026,CARDAMOM,30OCT2026,0.0,0.0,0.0,3185.0,3185.0,0,0.0,0
13 Jul 2026,CARDAMOM,30OCT2026,0.0,0.0,0.0,3185.0,3185.0,0,0.0,0
10 Jul 2026,CARDAMOM,30OCT2026,0.0,0.0,0.0,3185.0,3185.0,0,0.0,0
09 Jul 2026,CARDAMOM,30OCT2026,0.0,0.0,0.0,3185.0,3185.0,0,0.0,0
08 Jul 2026,CARDAMOM,30OCT2026,0.0,0.0,0.0,3185.0,3185.0,0,0.0,0
07 Jul 2026,CARDAMOM,30OCT2026,0.0,0.0,0.0,3185.0,3185.0,0,0.0,0
06 Jul 2026,CARDAMOM,30OCT2026,0.0,0.0,0.0,3185.0,3185.0,0,0.0,0
03 Jul 2026,CARDAMOM,30OCT2026,0.0,0.0,0.0,3185.0,3185.0,0,0.0,0
02 Jul 2026,CARDAMOM,30OCT2026,0.0,0.0,0.0,3185.0,3185.0,0,0.0,0
01 Jul 2026,CARDAMOM,30OCT2026,0.0,0.0,0.0,3075.0,3075.0,0,0.0,0
30 Jun 2026,CARDAMOM,30OCT2026,0.0,0.0,0.0,3075.0,3075.0,0,0.0,0
29 Jun 2026,CARDAMOM,30OCT2026,0.0,0.0,0.0,3075.0,3075.0,0,0.0,0
26 Jun 2026,CARDAMOM,30OCT2026,0.0,0.0,0.0,3075.0,3075.0,0,0.0,0
25 Jun 2026,CARDAMOM,30OCT2026,0.0,0.0,0.0,2975.0,2975.0,0,0.0,0
24 Jun 2026,CARDAMOM,30OCT2026,0.0,0.0,0.0,2975.0,2975.0,0,0.0,0
23 Jun 2026,CARDAMOM,30OCT2026,0.0,0.0,0.0,2865.0,2865.0,0,0.0,0
22 Jun 2026,CARDAMOM,30OCT2026,0.0,0.0,0.0,2755.0,2755.0,0,0.0,0
19 Jun 2026,CARDAMOM,30OCT2026,0.0,0.0,0.0,2655.0,2655.0,0,0.0,0
18 Jun 2026,CARDAMOM,30OCT2026,0.0,0.0,0.0,2655.0,2655.0,0,0.0,0
17 Jun 2026,CARDAMOM,30OCT2026,0.0,0.0,0.0,2580.0,2580.0,0,0.0,0
16 Jun 2026,CARDAMOM,30OCT2026,0.0,0.0,0.0,2580.0,2580.0,0,0.0,0
15 Jun 2026,CARDAMOM,30OCT2026,0.0,0.0,0.0,2580.0,2580.0,0,0.0,0
12 Jun 2026,CARDAMOM,30OCT2026,0.0,0.0,0.0,2580.0,2580.0,0,0.0,0
11 Jun 2026,CARDAMOM,30OCT2026,0.0,0.0,0.0,2580.0,2580.0,0,0.0,0
10 Jun 2026,CARDAMOM,30OCT2026,0.0,0.0,0.0,2580.0,2580.0,0,0.0,0
09 Jun 2026,CARDAMOM,30OCT2026,0.0,0.0,0.0,2580.0,2580.0,0,0.0,0
08 Jun 2026,CARDAMOM,30OCT2026,0.0,0.0,0.0,2580.0,2580.0,0,0.0,0
05 Jun 2026,CARDAMOM,30OCT2026,0.0,0.0,0.0,2580.0,2580.0,0,0.0,0
04 Jun 2026,CARDAMOM,30OCT2026,0.0,0.0,0.0,2580.0,2580.0,0,0.0,0
03 Jun 2026,CARDAMOM,30OCT2026,0.0,0.0,0.0,2580.0,2580.0,0,0.0,0
02 Jun 2026,CARDAMOM,30OCT2026,0.0,0.0,0.0,2580.0,2580.0,0,0.0,0
01 Jun 2026,CARDAMOM,30OCT2026,0.0,0.0,0.0,2580.0,2580.0,0,0.0,0
04 Aug 2026,CARDAMOM,30SEP2026,3490.0,3490.0,3490.0,3490.0,3485.0,1,3.49,5
03 Aug 2026,CARDAMOM,30SEP2026,0.0,0.0,0.0,3485.0,3485.0,0,0.0,5
31 Jul 2026,CARDAMOM,30SEP2026,3500.0,3500.0,3470.0,3485.0,3503.0,2,6.97,5
30 Jul 2026,CARDAMOM,30SEP2026,0.0,0.0,0.0,3503.0,3503.0,0,0.0,5
29 Jul 2026,CARDAMOM,30SEP2026,3503.0,3503.0,3503.0,3503.0,3503.0,2,7.01,5
28 Jul 2026,CARDAMOM,30SEP2026,0.0,0.0,0.0,3503.0,3503.0,0,0.0,6
27 Jul 2026,CARDAMOM,30SEP2026,0.0,0.0,0.0,3503.0,3503.0,0,0.0,6
24 Jul 2026,CARDAMOM,30SEP2026,0.0,0.0,0.0,3503.0,3503.0,0,0.0,6
23 Jul 2026,CARDAMOM,30SEP2026,3475.0,3620.0,3455.0,3503.0,3587.0,4,14.01,6
22 Jul 2026,CARDAMOM,30SEP2026,3536.0,3604.0,3536.0,3587.0,3400.0,4,14.35,4
21 Jul 2026,CARDAMOM,30SEP2026,0.0,0.0,0.0,3310.0,3310.0,0,0.0,0
20 Jul 2026,CARDAMOM,30SEP2026,0.0,0.0,0.0,3200.0,3200.0,0,0.0,0
17 Jul 2026,CARDAMOM,30SEP2026,0.0,0.0,0.0,3200.0,3200.0,0,0.0,0
16 Jul 2026,CARDAMOM,30SEP2026,0.0,0.0,0.0,3150.0,3150.0,0,0.0,0
15 Jul 2026,CARDAMOM,30SEP2026,0.0,0.0,0.0,3185.0,3185.0,0,0.0,0
14 Jul 2026,CARDAMOM,30SEP2026,0.0,0.0,0.0,3185.0,3185.0,0,0.0,0
13 Jul 2026,CARDAMOM,30SEP2026,0.0,0.0,0.0,3185.0,3185.0,0,0.0,0
10 Jul 2026,CARDAMOM,30SEP2026,0.0,0.0,0.0,3185.0,3185.0,0,0.0,0
09 Jul 2026,CARDAMOM,30SEP2026,0.0,0.0,0.0,3185.0,3185.0,0,0.0,0
08 Jul 2026,CARDAMOM,30SEP2026,0.0,0.0,0.0,3185.0,3185.0,0,0.0,0
07 Jul 2026,CARDAMOM,30SEP2026,0.0,0.0,0.0,3185.0,3185.0,0,0.0,0
06 Jul 2026,CARDAMOM,30SEP2026,0.0,0.0,0.0,3185.0,3185.0,0,0.0,0
03 Jul 2026,CARDAMOM,30SEP2026,0.0,0.0,0.0,3185.0,3185.0,0,0.0,0
02 Jul 2026,CARDAMOM,30SEP2026,0.0,0.0,0.0,3185.0,3185.0,0,0.0,0
01 Jul 2026,CARDAMOM,30SEP2026,0.0,0.0,0.0,3075.0,3075.0,0,0.0,0
30 Jun 2026,CARDAMOM,30SEP2026,0.0,0.0,0.0,3075.0,3075.0,0,0.0,0
29 Jun 2026,CARDAMOM,30SEP2026,0.0,0.0,0.0,3075.0,3075.0,0,0.0,0
26 Jun 2026,CARDAMOM,30SEP2026,0.0,0.0,0.0,3075.0,3075.0,0,0.0,0
25 Jun 2026,CARDAMOM,30SEP2026,0.0,0.0,0.0,2975.0,2975.0,0,0.0,0
24 Jun 2026,CARDAMOM,30SEP2026,0.0,0.0,0.0,2975.0,2975.0,0,0.0,0
23 Jun 2026,CARDAMOM,30SEP2026,0.0,0.0,0.0,2865.0,2865.0,0,0.0,0
22 Jun 2026,CARDAMOM,30SEP2026,0.0,0.0,0.0,2755.0,2755.0,0,0.0,0
19 Jun 2026,CARDAMOM,30SEP2026,0.0,0.0,0.0,2655.0,2655.0,0,0.0,0
18 Jun 2026,CARDAMOM,30SEP2026,0.0,0.0,0.0,2655.0,2655.0,0,0.0,0
17 Jun 2026,CARDAMOM,30SEP2026,0.0,0.0,0.0,2580.0,2580.0,0,0.0,0
16 Jun 2026,CARDAMOM,30SEP2026,0.0,0.0,0.0,2580.0,2580.0,0,0.0,0
15 Jun 2026,CARDAMOM,30SEP2026,0.0,0.0,0.0,2580.0,2580.0,0,0.0,0
12 Jun 2026,CARDAMOM,30SEP2026,0.0,0.0,0.0,2580.0,2580.0,0,0.0,0
11 Jun 2026,CARDAMOM,30SEP2026,0.0,0.0,0.0,2580.0,2580.0,0,0.0,0
10 Jun 2026,CARDAMOM,30SEP2026,0.0,0.0,0.0,2580.0,2580.0,0,0.0,0
09 Jun 2026,CARDAMOM,30SEP2026,0.0,0.0,0.0,2580.0,2580.0,0,0.0,0
08 Jun 2026,CARDAMOM,30SEP2026,0.0,0.0,0.0,2580.0,2580.0,0,0.0,0
05 Jun 2026,CARDAMOM,30SEP2026,0.0,0.0,0.0,2580.0,2580.0,0,0.0,0
04 Jun 2026,CARDAMOM,30SEP2026,0.0,0.0,0.0,2580.0,2580.0,0,0.0,0
03 Jun 2026,CARDAMOM,30SEP2026,0.0,0.0,0.0,2580.0,2580.0,0,0.0,0
02 Jun 2026,CARDAMOM,30SEP2026,0.0,0.0,0.0,2580.0,2580.0,0,0.0,0
01 Jun 2026,CARDAMOM,30SEP2026,0.0,0.0,0.0,2580.0,2580.0,0,0.0,0
29 May 2026,CARDAMOM,30SEP2026,0.0,0.0,0.0,2580.0,2580.0,0,0.0,0
28 May 2026,CARDAMOM,30SEP2026,0.0,0.0,0.0,2580.0,2580.0,0,0.0,0
27 May 2026,CARDAMOM,30SEP2026,0.0,0.0,0.0,2580.0,2580.0,0,0.0,0
26 May 2026,CARDAMOM,30SEP2026,0.0,0.0,0.0,2580.0,2580.0,0,0.0,0
25 May 2026,CARDAMOM,30SEP2026,0.0,0.0,0.0,2580.0,2580.0,0,0.0,0
22 May 2026,CARDAMOM,30SEP2026,0.0,0.0,0.0,2580.0,2580.0,0,0.0,0
21 May 2026,CARDAMOM,30SEP2026,0.0,0.0,0.0,2580.0,2580.0,0,0.0,0
20 May 2026,CARDAMOM,30SEP2026,0.0,0.0,0.0,2580.0,2580.0,0,0.0,0
19 May 2026,CARDAMOM,30SEP2026,0.0,0.0,0.0,2580.0,2580.0,0,0.0,0
18 May 2026,CARDAMOM,30SEP2026,0.0,0.0,0.0,2580.0,2580.0,0,0.0,0
15 May 2026,CARDAMOM,30SEP2026,0.0,0.0,0.0,2580.0,2580.0,0,0.0,0
14 May 2026,CARDAMOM,30SEP2026,0.0,0.0,0.0,2580.0,2580.0,0,0.0,0
13 May 2026,CARDAMOM,30SEP2026,0.0,0.0,0.0,2580.0,2580.0,0,0.0,0
12 May 2026,CARDAMOM,30SEP2026,0.0,0.0,0.0,2580.0,2580.0,0,0.0,0
11 May 2026,CARDAMOM,30SEP2026,0.0,0.0,0.0,2580.0,2580.0,0,0.0,0
08 May 2026,CARDAMOM,30SEP2026,0.0,0.0,0.0,2580.0,2580.0,0,0.0,0
07 May 2026,CARDAMOM,30SEP2026,0.0,0.0,0.0,2640.0,2640.0,0,0.0,0
06 May 2026,CARDAMOM,30SEP2026,0.0,0.0,0.0,2550.0,2550.0,0,0.0,0
05 May 2026,CARDAMOM,30SEP2026,0.0,0.0,0.0,2550.0,2550.0,0,0.0,0
04 May 2026,CARDAMOM,30SEP2026,0.0,0.0,0.0,2550.0,2550.0,0,0.0,0
04 Aug 2026,CARDAMOM,31AUG2026,3439.0,3439.0,3439.0,3439.0,3370.0,3,10.32,10
03 Aug 2026,CARDAMOM,31AUG2026,0.0,0.0,0.0,3370.0,3370.0,0,0.0,10
31 Jul 2026,CARDAMOM,31AUG2026,3370.0,3370.0,3370.0,3370.0,3376.0,1,3.37,10
30 Jul 2026,CARDAMOM,31AUG2026,0.0,0.0,0.0,3376.0,3376.0,0,0.0,10
29 Jul 2026,CARDAMOM,31AUG2026,3376.0,3376.0,3376.0,3376.0,3451.0,1,3.38,10
28 Jul 2026,CARDAMOM,31AUG2026,3450.0,3451.0,3450.0,3451.0,3510.0,2,6.9,9
27 Jul 2026,CARDAMOM,31AUG2026,3470.0,3550.0,3470.0,3510.0,3556.0,2,7.02,10
24 Jul 2026,CARDAMOM,31AUG2026,0.0,0.0,0.0,3556.0,3556.0,0,0.0,11
23 Jul 2026,CARDAMOM,31AUG2026,3471.0,3641.0,3471.0,3556.0,3591.0,2,7.11,11
22 Jul 2026,CARDAMOM,31AUG2026,3533.0,3630.0,3533.0,3591.0,3613.0,4,14.36,10
21 Jul 2026,CARDAMOM,31AUG2026,3500.0,3648.0,3500.0,3613.0,3442.0,12,43.24,9
20 Jul 2026,CARDAMOM,31AUG2026,3300.0,3475.0,3300.0,3442.0,3345.0,6,20.65,10
17 Jul 2026,CARDAMOM,31AUG2026,3343.0,3348.0,3343.0,3345.0,3220.0,4,13.38,9
16 Jul 2026,CARDAMOM,31AUG2026,0.0,0.0,0.0,3100.0,3100.0,0,0.0,9
15 Jul 2026,CARDAMOM,31AUG2026,0.0,0.0,0.0,3150.0,3150.0,0,0.0,9
14 Jul 2026,CARDAMOM,31AUG2026,0.0,0.0,0.0,3150.0,3150.0,0,0.0,9
13 Jul 2026,CARDAMOM,31AUG2026,0.0,0.0,0.0,3150.0,3150.0,0,0.0,9
10 Jul 2026,CARDAMOM,31AUG2026,0.0,0.0,0.0,3150.0,3150.0,0,0.0,9
09 Jul 2026,CARDAMOM,31AUG2026,3149.0,3150.0,3149.0,3150.0,3169.0,2,6.3,9
08 Jul 2026,CARDAMOM,31AUG2026,3169.0,3169.0,3169.0,3169.0,3201.0,1,3.17,8
07 Jul 2026,CARDAMOM,31AUG2026,0.0,0.0,0.0,3201.0,3201.0,0,0.0,7
06 Jul 2026,CARDAMOM,31AUG2026,3201.0,3201.0,3201.0,3201.0,3280.0,1,3.2,7
03 Jul 2026,CARDAMOM,31AUG2026,0.0,0.0,0.0,3280.0,3280.0,0,0.0,6
02 Jul 2026,CARDAMOM,31AUG2026,0.0,0.0,0.0,3280.0,3280.0,0,0.0,6
01 Jul 2026,CARDAMOM,31AUG2026,3250.0,3300.0,3250.0,3280.0,3200.0,4,13.12,6
30 Jun 2026,CARDAMOM,31AUG2026,3200.0,3200.0,3200.0,3200.0,3198.0,1,3.2,2
29 Jun 2026,CARDAMOM,31AUG2026,3198.0,3198.0,3198.0,3198.0,3075.0,1,3.2,1
26 Jun 2026,CARDAMOM,31AUG2026,0.0,0.0,0.0,3075.0,3075.0,0,0.0,1
25 Jun 2026,CARDAMOM,31AUG2026,0.0,0.0,0.0,2975.0,2975.0,0,0.0,1
24 Jun 2026,CARDAMOM,31AUG2026,0.0,0.0,0.0,2975.0,2975.0,0,0.0,1
23 Jun 2026,CARDAMOM,31AUG2026,0.0,0.0,0.0,2865.0,2865.0,0,0.0,1
22 Jun 2026,CARDAMOM,31AUG2026,0.0,0.0,0.0,2755.0,2755.0,0,0.0,1
19 Jun 2026,CARDAMOM,31AUG2026,0.0,0.0,0.0,2655.0,2655.0,0,0.0,1
18 Jun 2026,CARDAMOM,31AUG2026,0.0,0.0,0.0,2655.0,2655.0,0,0.0,1
17 Jun 2026,CARDAMOM,31AUG2026,0.0,0.0,0.0,2683.0,2683.0,0,0.0,1
16 Jun 2026,CARDAMOM,31AUG2026,2683.0,2683.0,2683.0,2683.0,2580.0,1,2.68,1
15 Jun 2026,CARDAMOM,31AUG2026,0.0,0.0,0.0,2580.0,2580.0,0,0.0,0
12 Jun 2026,CARDAMOM,31AUG2026,0.0,0.0,0.0,2580.0,2580.0,0,0.0,0
11 Jun 2026,CARDAMOM,31AUG2026,0.0,0.0,0.0,2580.0,2580.0,0,0.0,0
10 Jun 2026,CARDAMOM,31AUG2026,0.0,0.0,0.0,2580.0,2580.0,0,0.0,0
09 Jun 2026,CARDAMOM,31AUG2026,0.0,0.0,0.0,2580.0,2580.0,0,0.0,0
08 Jun 2026,CARDAMOM,31AUG2026,0.0,0.0,0.0,2580.0,2580.0,0,0.0,0
05 Jun 2026,CARDAMOM,31AUG2026,0.0,0.0,0.0,2580.0,2580.0,0,0.0,0
04 Jun 2026,CARDAMOM,31AUG2026,0.0,0.0,0.0,2580.0,2580.0,0,0.0,0
03 Jun 2026,CARDAMOM,31AUG2026,0.0,0.0,0.0,2580.0,2580.0,0,0.0,0
02 Jun 2026,CARDAMOM,31AUG2026,0.0,0.0,0.0,2580.0,2580.0,0,0.0,0
01 Jun 2026,CARDAMOM,31AUG2026,0.0,0.0,0.0,2580.0,2580.0,0,0.0,0
29 May 2026,CARDAMOM,31AUG2026,0.0,0.0,0.0,2580.0,2580.0,0,0.0,0
28 May 2026,CARDAMOM,31AUG2026,0.0,0.0,0.0,2580.0,2580.0,0,0.0,0
27 May 2026,CARDAMOM,31AUG2026,0.0,0.0,0.0,2580.0,2580.0,0,0.0,0
26 May 2026,CARDAMOM,31AUG2026,0.0,0.0,0.0,2580.0,2580.0,0,0.0,0
25 May 2026,CARDAMOM,31AUG2026,0.0,0.0,0.0,2580.0,2580.0,0,0.0,0
22 May 2026,CARDAMOM,31AUG2026,0.0,0.0,0.0,2580.0,2580.0,0,0.0,0
21 May 2026,CARDAMOM,31AUG2026,0.0,0.0,0.0,2580.0,2580.0,0,0.0,0
20 May 2026,CARDAMOM,31AUG2026,0.0,0.0,0.0,2580.0,2580.0,0,0.0,0
19 May 2026,CARDAMOM,31AUG2026,0.0,0.0,0.0,2580.0,2580.0,0,0.0,0
18 May 2026,CARDAMOM,31AUG2026,0.0,0.0,0.0,2580.0,2580.0,0,0.0,0
15 May 2026,CARDAMOM,31AUG2026,0.0,0.0,0.0,2580.0,2580.0,0,0.0,0
14 May 2026,CARDAMOM,31AUG2026,0.0,0.0,0.0,2580.0,2580.0,0,0.0,0
13 May 2026,CARDAMOM,31AUG2026,0.0,0.0,0.0,2580.0,2580.0,0,0.0,0
12 May 2026,CARDAMOM,31AUG2026,0.0,0.0,0.0,2580.0,2580.0,0,0.0,0
11 May 2026,CARDAMOM,31AUG2026,0.0,0.0,0.0,2580.0,2580.0,0,0.0,0
08 May 2026,CARDAMOM,31AUG2026,0.0,0.0,0.0,2580.0,2580.0,0,0.0,0
07 May 2026,CARDAMOM,31AUG2026,0.0,0.0,0.0,2640.0,2640.0,0,0.0,0
06 May 2026,CARDAMOM,31AUG2026,0.0,0.0,0.0,2570.0,2570.0,0,0.0,0
05 May 2026,CARDAMOM,31AUG2026,0.0,0.0,0.0,2570.0,2570.0,0,0.0,0
04 May 2026,CARDAMOM,31AUG2026,0.0,0.0,0.0,2510.0,2510.0,0,0.0,0
01 May 2026,CARDAMOM,31AUG2026,0.0,0.0,0.0,2510.0,2510.0,0,0.0,0
30 Apr 2026,CARDAMOM,31AUG2026,0.0,0.0,0.0,2510.0,2510.0,0,0.0,0
29 Apr 2026,CARDAMOM,31AUG2026,0.0,0.0,0.0,2510.0,2510.0,0,0.0,0
28 Apr 2026,CARDAMOM,31AUG2026,0.0,0.0,0.0,2510.0,2510.0,0,0.0,0
27 Apr 2026,CARDAMOM,31AUG2026,0.0,0.0,0.0,2510.0,2510.0,0,0.0,0
24 Apr 2026,CARDAMOM,31AUG2026,0.0,0.0,0.0,2510.0,2510.0,0,0.0,0
23 Apr 2026,CARDAMOM,31AUG2026,0.0,0.0,0.0,2510.0,2510.0,0,0.0,0
22 Apr 2026,CARDAMOM,31AUG2026,0.0,0.0,0.0,2510.0,2510.0,0,0.0,0
21 Apr 2026,CARDAMOM,31AUG2026,0.0,0.0,0.0,2510.0,2510.0,0,0.0,0
20 Apr 2026,CARDAMOM,31AUG2026,0.0,0.0,0.0,2510.0,2510.0,0,0.0,0
17 Apr 2026,CARDAMOM,31AUG2026,0.0,0.0,0.0,2510.0,2510.0,0,0.0,0
16 Apr 2026,CARDAMOM,31AUG2026,0.0,0.0,0.0,2510.0,2510.0,0,0.0,0
15 Apr 2026,CARDAMOM,31AUG2026,0.0,0.0,0.0,2510.0,2510.0,0,0.0,0
14 Apr 2026,CARDAMOM,31AUG2026,0.0,0.0,0.0,2510.0,2510.0,0,0.0,0
13 Apr 2026,CARDAMOM,31AUG2026,0.0,0.0,0.0,2510.0,2510.0,0,0.0,0
10 Apr 2026,CARDAMOM,31AUG2026,0.0,0.0,0.0,2510.0,2510.0,0,0.0,0
09 Apr 2026,CARDAMOM,31AUG2026,0.0,0.0,0.0,2510.0,2510.0,0,0.0,0
08 Apr 2026,CARDAMOM,31AUG2026,0.0,0.0,0.0,2510.0,2510.0,0,0.0,0
07 Apr 2026,CARDAMOM,31AUG2026,0.0,0.0,0.0,2550.0,2550.0,0,0.0,0
06 Apr 2026,CARDAMOM,31AUG2026,0.0,0.0,0.0,2550.0,2550.0,0,0.0,0
02 Apr 2026,CARDAMOM,31AUG2026,0.0,0.0,0.0,2640.0,2640.0,0,0.0,0
01 Apr 2026,CARDAMOM,31AUG2026,0.0,0.0,0.0,2640.0,2640.0,0,0.0,0
31 Jul 2026,CARDAMOM,31JUL2026,3625.0,3625.0,3625.0,3625.0,3536.0,1,3.63,11
30 Jul 2026,CARDAMOM,31JUL2026,0.0,0.0,0.0,3536.0,3536.0,0,0.0,12
29 Jul 2026,CARDAMOM,31JUL2026,3472.0,3600.0,3472.0,3536.0,3472.0,2,7.07,12
28 Jul 2026,CARDAMOM,31JUL2026,3393.0,3512.0,3393.0,3472.0,3520.0,3,10.42,14
27 Jul 2026,CARDAMOM,31JUL2026,3520.0,3520.0,3520.0,3520.0,3560.0,2,7.04,16
24 Jul 2026,CARDAMOM,31JUL2026,3560.0,3600.0,3520.0,3560.0,3627.0,5,17.8,16
23 Jul 2026,CARDAMOM,31JUL2026,3641.0,3641.0,3600.0,3627.0,3582.0,3,10.88,20
22 Jul 2026,CARDAMOM,31JUL2026,3680.0,3713.0,3561.0,3582.0,3571.0,17,61.66,19
21 Jul 2026,CARDAMOM,31JUL2026,3500.0,3600.0,3500.0,3571.0,3454.0,9,32.14,24
20 Jul 2026,CARDAMOM,31JUL2026,3325.0,3499.0,3325.0,3454.0,3393.0,15,51.82,25
17 Jul 2026,CARDAMOM,31JUL2026,3309.0,3400.0,3309.0,3393.0,3341.0,17,57.49,17
16 Jul 2026,CARDAMOM,31JUL2026,3350.0,3375.0,3323.0,3341.0,3302.0,19,63.56,22
15 Jul 2026,CARDAMOM,31JUL2026,3270.0,3339.0,3270.0,3302.0,3269.0,8,26.41,31
14 Jul 2026,CARDAMOM,31JUL2026,3155.0,3300.0,3155.0,3269.0,3205.0,13,42.22,30
13 Jul 2026,CARDAMOM,31JUL2026,3160.0,3222.0,3160.0,3205.0,3250.0,6,19.23,33
10 Jul 2026,CARDAMOM,31JUL2026,3299.0,3299.0,3225.0,3250.0,3220.0,8,26.0,34
09 Jul 2026,CARDAMOM,31JUL2026,3237.0,3250.0,3200.0,3220.0,3246.0,15,48.4,35
08 Jul 2026,CARDAMOM,31JUL2026,3210.0,3276.0,3210.0,3246.0,3282.0,11,35.67,35
07 Jul 2026,CARDAMOM,31JUL2026,3260.0,3298.0,3260.0,3282.0,3330.0,7,22.98,37
06 Jul 2026,CARDAMOM,31JUL2026,3325.0,3380.0,3280.0,3330.0,3364.0,5,16.65,36
03 Jul 2026,CARDAMOM,31JUL2026,0.0,0.0,0.0,3364.0,3364.0,0,0.0,36
02 Jul 2026,CARDAMOM,31JUL2026,3369.0,3370.0,3353.0,3364.0,3352.0,3,10.09,36
01 Jul 2026,CARDAMOM,31JUL2026,3362.0,3362.0,3345.0,3352.0,3345.0,4,13.41,36
30 Jun 2026,CARDAMOM,31JUL2026,3347.0,3460.0,3268.0,3345.0,3330.0,14,46.8,37
29 Jun 2026,CARDAMOM,31JUL2026,3300.0,3390.0,3284.0,3330.0,3265.0,9,29.97,39
26 Jun 2026,CARDAMOM,31JUL2026,0.0,0.0,0.0,3265.0,3265.0,0,0.0,40
25 Jun 2026,CARDAMOM,31JUL2026,3265.0,3265.0,3265.0,3265.0,3229.0,3,9.8,40
24 Jun 2026,CARDAMOM,31JUL2026,3250.0,3250.0,3219.0,3229.0,3203.0,3,9.69,38
23 Jun 2026,CARDAMOM,31JUL2026,3200.0,3239.0,3158.0,3203.0,3257.0,8,25.62,36
22 Jun 2026,CARDAMOM,31JUL2026,3230.0,3327.0,3230.0,3257.0,3140.0,7,22.8,34
19 Jun 2026,CARDAMOM,31JUL2026,3150.0,3150.0,3130.0,3140.0,3119.0,4,12.56,30
18 Jun 2026,CARDAMOM,31JUL2026,3118.0,3119.0,3118.0,3119.0,3099.0,2,6.24,26
17 Jun 2026,CARDAMOM,31JUL2026,3098.0,3099.0,3098.0,3099.0,3019.0,2,6.2,27
16 Jun 2026,CARDAMOM,31JUL2026,3025.0,3050.0,3000.0,3019.0,2980.0,8,24.15,28
15 Jun 2026,CARDAMOM,31JUL2026,2970.0,2990.0,2970.0,2980.0,2948.0,2,5.96,23
12 Jun 2026,CARDAMOM,31JUL2026,2926.0,2982.0,2926.0,2948.0,2814.0,5,14.74,21
11 Jun 2026,CARDAMOM,31JUL2026,0.0,0.0,0.0,2814.0,2814.0,0,0.0,18
10 Jun 2026,CARDAMOM,31JUL2026,0.0,0.0,0.0,2814.0,2814.0,0,0.0,18
09 Jun 2026,CARDAMOM,31JUL2026,2800.0,2840.0,2800.0,2814.0,2769.0,8,22.51,18
08 Jun 2026,CARDAMOM,31JUL2026,2750.0,2798.0,2750.0,2769.0,2702.0,3,8.31,11
05 Jun 2026,CARDAMOM,31JUL2026,2702.0,2702.0,2701.0,2702.0,2688.0,2,5.4,11
04 Jun 2026,CARDAMOM,31JUL2026,2683.0,2700.0,2683.0,2688.0,2580.0,11,29.56,11
03 Jun 2026,CARDAMOM,31JUL2026,0.0,0.0,0.0,2580.0,2580.0,0,0.0,2
02 Jun 2026,CARDAMOM,31JUL2026,0.0,0.0,0.0,2580.0,2580.0,0,0.0,2
01 Jun 2026,CARDAMOM,31JUL2026,0.0,0.0,0.0,2580.0,2580.0,0,0.0,2
29 May 2026,CARDAMOM,31JUL2026,0.0,0.0,0.0,2580.0,2580.0,0,0.0,2
28 May 2026,CARDAMOM,31JUL2026,0.0,0.0,0.0,2580.0,2580.0,0,0.0,2
27 May 2026,CARDAMOM,31JUL2026,0.0,0.0,0.0,2580.0,2580.0,0,0.0,2
26 May 2026,CARDAMOM,31JUL2026,0.0,0.0,0.0,2580.0,2580.0,0,0.0,2
25 May 2026,CARDAMOM,31JUL2026,0.0,0.0,0.0,2580.0,2580.0,0,0.0,2
22 May 2026,CARDAMOM,31JUL2026,0.0,0.0,0.0,2580.0,2580.0,0,0.0,2
21 May 2026,CARDAMOM,31JUL2026,0.0,0.0,0.0,2580.0,2580.0,0,0.0,2
20 May 2026,CARDAMOM,31JUL2026,0.0,0.0,0.0,2580.0,2580.0,0,0.0,2
19 May 2026,CARDAMOM,31JUL2026,0.0,0.0,0.0,2580.0,2580.0,0,0.0,2
18 May 2026,CARDAMOM,31JUL2026,0.0,0.0,0.0,2580.0,2580.0,0,0.0,2
15 May 2026,CARDAMOM,31JUL2026,0.0,0.0,0.0,2580.0,2580.0,0,0.0,2
14 May 2026,CARDAMOM,31JUL2026,0.0,0.0,0.0,2580.0,2580.0,0,0.0,2
13 May 2026,CARDAMOM,31JUL2026,0.0,0.0,0.0,2580.0,2580.0,0,0.0,2
12 May 2026,CARDAMOM,31JUL2026,0.0,0.0,0.0,2580.0,2580.0,0,0.0,2
11 May 2026,CARDAMOM,31JUL2026,0.0,0.0,0.0,2580.0,2580.0,0,0.0,2
08 May 2026,CARDAMOM,31JUL2026,0.0,0.0,0.0,2580.0,2580.0,0,0.0,2
07 May 2026,CARDAMOM,31JUL2026,0.0,0.0,0.0,2630.0,2630.0,0,0.0,2
06 May 2026,CARDAMOM,31JUL2026,0.0,0.0,0.0,2560.0,2560.0,0,0.0,2
05 May 2026,CARDAMOM,31JUL2026,0.0,0.0,0.0,2560.0,2560.0,0,0.0,2
04 May 2026,CARDAMOM,31JUL2026,2510.0,2610.0,2510.0,2560.0,2510.0,2,5.12,2
01 May 2026,CARDAMOM,31JUL2026,0.0,0.0,0.0,2510.0,2510.0,0,0.0,0
30 Apr 2026,CARDAMOM,31JUL2026,0.0,0.0,0.0,2510.0,2510.0,0,0.0,0
29 Apr 2026,CARDAMOM,31JUL2026,0.0,0.0,0.0,2510.0,2510.0,0,0.0,0
28 Apr 2026,CARDAMOM,31JUL2026,0.0,0.0,0.0,2510.0,2510.0,0,0.0,0
27 Apr 2026,CARDAMOM,31JUL2026,0.0,0.0,0.0,2510.0,2510.0,0,0.0,0
24 Apr 2026,CARDAMOM,31JUL2026,0.0,0.0,0.0,2510.0,2510.0,0,0.0,0
23 Apr 2026,CARDAMOM,31JUL2026,0.0,0.0,0.0,2510.0,2510.0,0,0.0,0
22 Apr 2026,CARDAMOM,31JUL2026,0.0,0.0,0.0,2510.0,2510.0,0,0.0,0
21 Apr 2026,CARDAMOM,31JUL2026,0.0,0.0,0.0,2510.0,2510.0,0,0.0,0
20 Apr 2026,CARDAMOM,31JUL2026,0.0,0.0,0.0,2510.0,2510.0,0,0.0,0
17 Apr 2026,CARDAMOM,31JUL2026,0.0,0.0,0.0,2510.0,2510.0,0,0.0,0
16 Apr 2026,CARDAMOM,31JUL2026,0.0,0.0,0.0,2510.0,2510.0,0,0.0,0
15 Apr 2026,CARDAMOM,31JUL2026,0.0,0.0,0.0,2510.0,2510.0,0,0.0,0
14 Apr 2026,CARDAMOM,31JUL2026,0.0,0.0,0.0,2510.0,2510.0,0,0.0,0
13 Apr 2026,CARDAMOM,31JUL2026,0.0,0.0,0.0,2510.0,2510.0,0,0.0,0
10 Apr 2026,CARDAMOM,31JUL2026,0.0,0.0,0.0,2510.0,2510.0,0,0.0,0
09 Apr 2026,CARDAMOM,31JUL2026,0.0,0.0,0.0,2510.0,2510.0,0,0.0,0
08 Apr 2026,CARDAMOM,31JUL2026,0.0,0.0,0.0,2510.0,2510.0,0,0.0,0
07 Apr 2026,CARDAMOM,31JUL2026,0.0,0.0,0.0,2550.0,2550.0,0,0.0,0
06 Apr 2026,CARDAMOM,31JUL2026,0.0,0.0,0.0,2550.0,2550.0,0,0.0,0
02 Apr 2026,CARDAMOM,31JUL2026,0.0,0.0,0.0,2640.0,2640.0,0,0.0,0
01 Apr 2026,CARDAMOM,31JUL2026,0.0,0.0,0.0,2640.0,2640.0,0,0.0,0
31 Mar 2026,CARDAMOM,31JUL2026,0.0,0.0,0.0,2640.0,2640.0,0,0.0,0
30 Mar 2026,CARDAMOM,31JUL2026,0.0,0.0,0.0,2640.0,2640.0,0,0.0,0
27 Mar 2026,CARDAMOM,31JUL2026,0.0,0.0,0.0,2640.0,2640.0,0,0.0,0
26 Mar 2026,CARDAMOM,31JUL2026,0.0,0.0,0.0,2640.0,2640.0,0,0.0,0
25 Mar 2026,CARDAMOM,31JUL2026,0.0,0.0,0.0,2640.0,2640.0,0,0.0,0
24 Mar 2026,CARDAMOM,31JUL2026,0.0,0.0,0.0,2640.0,2640.0,0,0.0,0
23 Mar 2026,CARDAMOM,31JUL2026,0.0,0.0,0.0,2640.0,2640.0,0,0.0,0
20 Mar 2026,CARDAMOM,31JUL2026,0.0,0.0,0.0,2640.0,2640.0,0,0.0,0
19 Mar 2026,CARDAMOM,31JUL2026,0.0,0.0,0.0,2640.0,2640.0,0,0.0,0
18 Mar 2026,CARDAMOM,31JUL2026,0.0,0.0,0.0,2640.0,2640.0,0,0.0,0
17 Mar 2026,CARDAMOM,31JUL2026,0.0,0.0,0.0,2640.0,2640.0,0,0.0,0
16 Mar 2026,CARDAMOM,31JUL2026,0.0,0.0,0.0,2640.0,2640.0,0,0.0,0
13 Mar 2026,CARDAMOM,31JUL2026,0.0,0.0,0.0,2640.0,2640.0,0,0.0,0
12 Mar 2026,CARDAMOM,31JUL2026,0.0,0.0,0.0,2640.0,2640.0,0,0.0,0
11 Mar 2026,CARDAMOM,31JUL2026,0.0,0.0,0.0,2640.0,2640.0,0,0.0,0
10 Mar 2026,CARDAMOM,31JUL2026,0.0,0.0,0.0,2640.0,2640.0,0,0.0,0
09 Mar 2026,CARDAMOM,31JUL2026,0.0,0.0,0.0,2640.0,2640.0,0,0.0,0
06 Mar 2026,CARDAMOM,31JUL2026,0.0,0.0,0.0,2640.0,2640.0,0,0.0,0
05 Mar 2026,CARDAMOM,31JUL2026,0.0,0.0,0.0,2640.0,2640.0,0,0.0,0
04 Mar 2026,CARDAMOM,31JUL2026,0.0,0.0,0.0,2640.0,2640.0,0,0.0,0
03 Mar 2026,CARDAMOM,31JUL2026,0.0,0.0,0.0,2640.0,2640.0,0,0.0,0
02 Mar 2026,CARDAMOM,31JUL2026,0.0,0.0,0.0,2640.0,2640.0,0,0.0,0
30 Jun 2026,CARDAMOM,30JUN2026,3287.0,3288.0,3287.0,3287.0,3275.0,5,16.44,0
29 Jun 2026,CARDAMOM,30JUN2026,0.0,0.0,0.0,3275.0,3275.0,0,0.0,5
26 Jun 2026,CARDAMOM,30JUN2026,0.0,0.0,0.0,3275.0,3275.0,0,0.0,5
25 Jun 2026,CARDAMOM,30JUN2026,3275.0,3275.0,3275.0,3275.0,3237.0,1,3.28,5
24 Jun 2026,CARDAMOM,30JUN2026,3235.0,3300.0,3200.0,3237.0,3227.0,5,16.19,6
23 Jun 2026,CARDAMOM,30JUN2026,0.0,0.0,0.0,3227.0,3227.0,0,0.0,8
22 Jun 2026,CARDAMOM,30JUN2026,3175.0,3279.0,3175.0,3227.0,3100.0,8,25.82,8
19 Jun 2026,CARDAMOM,30JUN2026,3046.0,3130.0,3046.0,3100.0,3100.0,9,27.9,11
18 Jun 2026,CARDAMOM,30JUN2026,3100.0,3100.0,3100.0,3100.0,3041.0,1,3.1,18
17 Jun 2026,CARDAMOM,30JUN2026,3030.0,3089.0,3004.0,3041.0,3045.0,3,9.12,19
16 Jun 2026,CARDAMOM,30JUN2026,3089.0,3089.0,3000.0,3045.0,2971.0,2,6.09,19
15 Jun 2026,CARDAMOM,30JUN2026,2933.0,3015.0,2933.0,2971.0,2948.0,8,23.77,18
12 Jun 2026,CARDAMOM,30JUN2026,2942.0,2965.0,2942.0,2948.0,2830.0,8,23.59,17
11 Jun 2026,CARDAMOM,30JUN2026,0.0,0.0,0.0,2830.0,2830.0,0,0.0,12
10 Jun 2026,CARDAMOM,30JUN2026,2791.0,2850.0,2791.0,2830.0,2799.0,6,16.98,12
09 Jun 2026,CARDAMOM,30JUN2026,2813.0,2813.0,2785.0,2799.0,2776.0,2,5.6,15
08 Jun 2026,CARDAMOM,30JUN2026,2772.0,2779.0,2772.0,2776.0,2792.0,4,11.1,15
05 Jun 2026,CARDAMOM,30JUN2026,2801.0,2829.0,2755.0,2792.0,2801.0,5,13.96,15
04 Jun 2026,CARDAMOM,30JUN2026,2791.0,2816.0,2788.0,2801.0,2887.0,6,16.8,14
03 Jun 2026,CARDAMOM,30JUN2026,2887.0,2887.0,2887.0,2887.0,2792.0,1,2.89,15
02 Jun 2026,CARDAMOM,30JUN2026,2759.0,2841.0,2753.0,2792.0,2711.0,10,27.92,15
01 Jun 2026,CARDAMOM,30JUN2026,2702.0,2717.0,2702.0,2711.0,2758.0,3,8.13,14
29 May 2026,CARDAMOM,30JUN2026,2707.0,2785.0,2707.0,2758.0,2787.0,7,19.3,14
28 May 2026,CARDAMOM,30JUN2026,0.0,0.0,0.0,2787.0,2787.0,0,0.0,14
27 May 2026,CARDAMOM,30JUN2026,2698.0,2849.0,2698.0,2787.0,2688.0,14,38.68,14
26 May 2026,CARDAMOM,30JUN2026,2670.0,2704.0,2670.0,2688.0,2733.0,6,16.13,11
25 May 2026,CARDAMOM,30JUN2026,2685.0,2775.0,2685.0,2733.0,2712.0,9,24.6,11
22 May 2026,CARDAMOM,30JUN2026,2730.0,2730.0,2696.0,2712.0,2770.0,3,8.14,10
21 May 2026,CARDAMOM,30JUN2026,0.0,0.0,0.0,2770.0,2770.0,0,0.0,8
20 May 2026,CARDAMOM,30JUN2026,0.0,0.0,0.0,2770.0,2770.0,0,0.0,8
19 May 2026,CARDAMOM,30JUN2026,0.0,0.0,0.0,2770.0,2770.0,0,0.0,8
18 May 2026,CARDAMOM,30JUN2026,0.0,0.0,0.0,2770.0,2770.0,0,0.0,8
15 May 2026,CARDAMOM,30JUN2026,0.0,0.0,0.0,2770.0,2770.0,0,0.0,8
14 May 2026,CARDAMOM,30JUN2026,0.0,0.0,0.0,2770.0,2770.0,0,0.0,8
13 May 2026,CARDAMOM,30JUN2026,0.0,0.0,0.0,2770.0,2770.0,0,0.0,8
12 May 2026,CARDAMOM,30JUN2026,0.0,0.0,0.0,2770.0,2770.0,0,0.0,8
11 May 2026,CARDAMOM,30JUN2026,0.0,0.0,0.0,2770.0,2770.0,0,0.0,8
08 May 2026,CARDAMOM,30JUN2026,0.0,0.0,0.0,2770.0,2770.0,0,0.0,8
07 May 2026,CARDAMOM,30JUN2026,0.0,0.0,0.0,2876.0,2876.0,0,0.0,8
06 May 2026,CARDAMOM,30JUN2026,0.0,0.0,0.0,2876.0,2876.0,0,0.0,8
05 May 2026,CARDAMOM,30JUN2026,0.0,0.0,0.0,2876.0,2876.0,0,0.0,8
04 May 2026,CARDAMOM,30JUN2026,0.0,0.0,0.0,2876.0,2876.0,0,0.0,8
01 May 2026,CARDAMOM,30JUN2026,0.0,0.0,0.0,2876.0,2876.0,0,0.0,8
30 Apr 2026,CARDAMOM,30JUN2026,0.0,0.0,0.0,2876.0,2876.0,0,0.0,8
29 Apr 2026,CARDAMOM,30JUN2026,0.0,0.0,0.0,2876.0,2876.0,0,0.0,8
28 Apr 2026,CARDAMOM,30JUN2026,0.0,0.0,0.0,2876.0,2876.0,0,0.0,8
27 Apr 2026,CARDAMOM,30JUN2026,0.0,0.0,0.0,2876.0,2876.0,0,0.0,8
24 Apr 2026,CARDAMOM,30JUN2026,0.0,0.0,0.0,2876.0,2876.0,0,0.0,8
23 Apr 2026,CARDAMOM,30JUN2026,0.0,0.0,0.0,2876.0,2876.0,0,0.0,8
22 Apr 2026,CARDAMOM,30JUN2026,0.0,0.0,0.0,2876.0,2876.0,0,0.0,8
21 Apr 2026,CARDAMOM,30JUN2026,0.0,0.0,0.0,2876.0,2876.0,0,0.0,8
20 Apr 2026,CARDAMOM,30JUN2026,2875.0,2876.0,2875.0,2876.0,2766.0,2,5.75,8
17 Apr 2026,CARDAMOM,30JUN2026,2731.0,2783.0,2731.0,2766.0,2626.0,3,8.3,8
16 Apr 2026,CARDAMOM,30JUN2026,0.0,0.0,0.0,2626.0,2626.0,0,0.0,6
15 Apr 2026,CARDAMOM,30JUN2026,0.0,0.0,0.0,2626.0,2626.0,0,0.0,6
14 Apr 2026,CARDAMOM,30JUN2026,0.0,0.0,0.0,2626.0,2626.0,0,0.0,6
13 Apr 2026,CARDAMOM,30JUN2026,0.0,0.0,0.0,2626.0,2626.0,0,0.0,6
10 Apr 2026,CARDAMOM,30JUN2026,2626.0,2626.0,2626.0,2626.0,2591.0,1,2.63,6
09 Apr 2026,CARDAMOM,30JUN2026,0.0,0.0,0.0,2591.0,2591.0,0,0.0,5
08 Apr 2026,CARDAMOM,30JUN2026,2589.0,2593.0,2589.0,2591.0,2560.0,2,5.18,5
07 Apr 2026,CARDAMOM,30JUN2026,2560.0,2560.0,2560.0,2560.0,2550.0,2,5.12,3
06 Apr 2026,CARDAMOM,30JUN2026,2550.0,2550.0,2550.0,2550.0,2550.0,1,2.55,1
02 Apr 2026,CARDAMOM,30JUN2026,0.0,0.0,0.0,2640.0,2640.0,0,0.0,0
01 Apr 2026,CARDAMOM,30JUN2026,0.0,0.0,0.0,2640.0,2640.0,0,0.0,0
31 Mar 2026,CARDAMOM,30JUN2026,0.0,0.0,0.0,2640.0,2640.0,0,0.0,0
30 Mar 2026,CARDAMOM,30JUN2026,0.0,0.0,0.0,2640.0,2640.0,0,0.0,0
27 Mar 2026,CARDAMOM,30JUN2026,0.0,0.0,0.0,2640.0,2640.0,0,0.0,0
26 Mar 2026,CARDAMOM,30JUN2026,0.0,0.0,0.0,2640.0,2640.0,0,0.0,0
25 Mar 2026,CARDAMOM,30JUN2026,0.0,0.0,0.0,2640.0,2640.0,0,0.0,0
24 Mar 2026,CARDAMOM,30JUN2026,0.0,0.0,0.0,2640.0,2640.0,0,0.0,0
23 Mar 2026,CARDAMOM,30JUN2026,0.0,0.0,0.0,2640.0,2640.0,0,0.0,0
20 Mar 2026,CARDAMOM,30JUN2026,0.0,0.0,0.0,2640.0,2640.0,0,0.0,0
19 Mar 2026,CARDAMOM,30JUN2026,0.0,0.0,0.0,2640.0,2640.0,0,0.0,0
18 Mar 2026,CARDAMOM,30JUN2026,0.0,0.0,0.0,2640.0,2640.0,0,0.0,0
17 Mar 2026,CARDAMOM,30JUN2026,0.0,0.0,0.0,2640.0,2640.0,0,0.0,0
16 Mar 2026,CARDAMOM,30JUN2026,0.0,0.0,0.0,2640.0,2640.0,0,0.0,0
13 Mar 2026,CARDAMOM,30JUN2026,0.0,0.0,0.0,2640.0,2640.0,0,0.0,0
12 Mar 2026,CARDAMOM,30JUN2026,0.0,0.0,0.0,2640.0,2640.0,0,0.0,0
11 Mar 2026,CARDAMOM,30JUN2026,0.0,0.0,0.0,2640.0,2640.0,0,0.0,0
10 Mar 2026,CARDAMOM,30JUN2026,0.0,0.0,0.0,2640.0,2640.0,0,0.0,0
09 Mar 2026,CARDAMOM,30JUN2026,0.0,0.0,0.0,2640.0,2640.0,0,0.0,0
06 Mar 2026,CARDAMOM,30JUN2026,0.0,0.0,0.0,2640.0,2640.0,0,0.0,0
05 Mar 2026,CARDAMOM,30JUN2026,0.0,0.0,0.0,2640.0,2640.0,0,0.0,0
04 Mar 2026,CARDAMOM,30JUN2026,0.0,0.0,0.0,2640.0,2640.0,0,0.0,0
03 Mar 2026,CARDAMOM,30JUN2026,0.0,0.0,0.0,2640.0,2640.0,0,0.0,0
02 Mar 2026,CARDAMOM,30JUN2026,0.0,0.0,0.0,2640.0,2640.0,0,0.0,0
27 Feb 2026,CARDAMOM,30JUN2026,0.0,0.0,0.0,2640.0,2640.0,0,0.0,0
26 Feb 2026,CARDAMOM,30JUN2026,0.0,0.0,0.0,2640.0,2640.0,0,0.0,0
25 Feb 2026,CARDAMOM,30JUN2026,0.0,0.0,0.0,2640.0,2640.0,0,0.0,0
24 Feb 2026,CARDAMOM,30JUN2026,0.0,0.0,0.0,2640.0,2640.0,0,0.0,0
23 Feb 2026,CARDAMOM,30JUN2026,0.0,0.0,0.0,2640.0,2640.0,0,0.0,0
20 Feb 2026,CARDAMOM,30JUN2026,0.0,0.0,0.0,2640.0,2640.0,0,0.0,0
19 Feb 2026,CARDAMOM,30JUN2026,0.0,0.0,0.0,2640.0,2640.0,0,0.0,0
18 Feb 2026,CARDAMOM,30JUN2026,0.0,0.0,0.0,2640.0,2640.0,0,0.0,0
17 Feb 2026,CARDAMOM,30JUN2026,0.0,0.0,0.0,2640.0,2640.0,0,0.0,0
16 Feb 2026,CARDAMOM,30JUN2026,0.0,0.0,0.0,2640.0,2640.0,0,0.0,0
13 Feb 2026,CARDAMOM,30JUN2026,0.0,0.0,0.0,2640.0,2640.0,0,0.0,0
12 Feb 2026,CARDAMOM,30JUN2026,0.0,0.0,0.0,2640.0,2640.0,0,0.0,0
11 Feb 2026,CARDAMOM,30JUN2026,0.0,0.0,0.0,2640.0,2640.0,0,0.0,0
10 Feb 2026,CARDAMOM,30JUN2026,0.0,0.0,0.0,2640.0,2640.0,0,0.0,0
09 Feb 2026,CARDAMOM,30JUN2026,0.0,0.0,0.0,2640.0,2640.0,0,0.0,0
06 Feb 2026,CARDAMOM,30JUN2026,0.0,0.0,0.0,2640.0,2640.0,0,0.0,0
05 Feb 2026,CARDAMOM,30JUN2026,0.0,0.0,0.0,2640.0,2640.0,0,0.0,0
04 Feb 2026,CARDAMOM,30JUN2026,0.0,0.0,0.0,2640.0,2640.0,0,0.0,0
03 Feb 2026,CARDAMOM,30JUN2026,0.0,0.0,0.0,2640.0,2640.0,0,0.0,0
02 Feb 2026,CARDAMOM,30JUN2026,0.0,0.0,0.0,2640.0,2640.0,0,0.0,0
01 Feb 2026,CARDAMOM,30JUN2026,0.0,0.0,0.0,2640.0,2640.0,0,0.0,0
29 May 2026,CARDAMOM,29MAY2026,0.0,0.0,0.0,2717.0,2717.0,0,0.0,17
28 May 2026,CARDAMOM,29MAY2026,0.0,0.0,0.0,2717.0,2717.0,0,0.0,17
27 May 2026,CARDAMOM,29MAY2026,2705.0,2742.0,2705.0,2717.0,2727.0,12,32.6,17
26 May 2026,CARDAMOM,29MAY2026,2722.0,2739.0,2721.0,2727.0,2706.0,3,8.18,29
25 May 2026,CARDAMOM,29MAY2026,2705.0,2711.0,2702.0,2706.0,2723.0,8,21.64,31
22 May 2026,CARDAMOM,29MAY2026,2722.0,2733.0,2702.0,2723.0,2744.0,7,19.06,37
21 May 2026,CARDAMOM,29MAY2026,2750.0,2750.0,2741.0,2744.0,2754.0,6,16.46,39
20 May 2026,CARDAMOM,29MAY2026,2702.0,2770.0,2702.0,2754.0,2727.0,7,19.28,39
19 May 2026,CARDAMOM,29MAY2026,2700.0,2768.0,2700.0,2727.0,2765.0,9,24.55,39
18 May 2026,CARDAMOM,29MAY2026,2765.0,2765.0,2765.0,2765.0,2763.0,3,8.3,41
15 May 2026,CARDAMOM,29MAY2026,2755.0,2769.0,2755.0,2763.0,2749.0,10,27.63,41
14 May 2026,CARDAMOM,29MAY2026,2743.0,2755.0,2743.0,2749.0,2734.0,8,21.99,41
13 May 2026,CARDAMOM,29MAY2026,2728.0,2739.0,2728.0,2734.0,2733.0,4,10.93,41
12 May 2026,CARDAMOM,29MAY2026,2735.0,2760.0,2710.0,2733.0,2734.0,13,35.56,41
11 May 2026,CARDAMOM,29MAY2026,2725.0,2745.0,2725.0,2734.0,2741.0,11,30.06,42
08 May 2026,CARDAMOM,29MAY2026,2742.0,2764.0,2730.0,2741.0,2750.0,13,35.65,41
07 May 2026,CARDAMOM,29MAY2026,2750.0,2764.0,2742.0,2750.0,2807.0,12,33.01,41
06 May 2026,CARDAMOM,29MAY2026,2743.0,2823.0,2743.0,2807.0,2842.0,11,30.81,39
05 May 2026,CARDAMOM,29MAY2026,2900.0,2900.0,2825.0,2842.0,2882.0,15,42.8,38
04 May 2026,CARDAMOM,29MAY2026,2900.0,2900.0,2870.0,2882.0,2893.0,9,25.94,41
01 May 2026,CARDAMOM,29MAY2026,0.0,0.0,0.0,2893.0,2893.0,0,0.0,41
30 Apr 2026,CARDAMOM,29MAY2026,2866.0,2924.0,2866.0,2893.0,2897.0,11,31.82,41
29 Apr 2026,CARDAMOM,29MAY2026,2891.0,2906.0,2875.0,2897.0,2926.0,10,28.97,42
28 Apr 2026,CARDAMOM,29MAY2026,2929.0,2930.0,2915.0,2926.0,2934.0,4,11.7,44
27 Apr 2026,CARDAMOM,29MAY2026,2976.0,2976.0,2886.0,2934.0,2903.0,4,11.73,40
24 Apr 2026,CARDAMOM,29MAY2026,2850.0,2930.0,2831.0,2903.0,2852.0,11,31.93,40
23 Apr 2026,CARDAMOM,29MAY2026,2820.0,2890.0,2810.0,2852.0,2820.0,18,51.21,38
22 Apr 2026,CARDAMOM,29MAY2026,2839.0,2839.0,2800.0,2820.0,2892.0,2,5.64,35
21 Apr 2026,CARDAMOM,29MAY2026,2892.0,2892.0,2892.0,2892.0,2962.0,1,2.89,34
20 Apr 2026,CARDAMOM,29MAY2026,2840.0,2994.0,2840.0,2962.0,2859.0,23,67.29,33
17 Apr 2026,CARDAMOM,29MAY2026,2790.0,2906.0,2790.0,2859.0,2743.0,15,42.59,24
16 Apr 2026,CARDAMOM,29MAY2026,2735.0,2750.0,2735.0,2743.0,2730.0,2,5.49,19
15 Apr 2026,CARDAMOM,29MAY2026,2700.0,2750.0,2700.0,2730.0,2642.0,7,19.11,18
14 Apr 2026,CARDAMOM,29MAY2026,0.0,0.0,0.0,2642.0,2642.0,0,0.0,15
13 Apr 2026,CARDAMOM,29MAY2026,0.0,0.0,0.0,2642.0,2642.0,0,0.0,15
10 Apr 2026,CARDAMOM,29MAY2026,2630.0,2650.0,2630.0,2642.0,2626.0,3,7.93,15
09 Apr 2026,CARDAMOM,29MAY2026,0.0,0.0,0.0,2626.0,2626.0,0,0.0,13
08 Apr 2026,CARDAMOM,29MAY2026,2605.0,2640.0,2605.0,2626.0,2570.0,5,13.13,13
07 Apr 2026,CARDAMOM,29MAY2026,2570.0,2570.0,2570.0,2570.0,2585.0,2,5.14,9
06 Apr 2026,CARDAMOM,29MAY2026,2560.0,2600.0,2560.0,2585.0,2535.0,4,10.34,7
02 Apr 2026,CARDAMOM,29MAY2026,2535.0,2535.0,2535.0,2535.0,2640.0,4,10.14,4
01 Apr 2026,CARDAMOM,29MAY2026,0.0,0.0,0.0,2640.0,2640.0,0,0.0,0
31 Mar 2026,CARDAMOM,29MAY2026,0.0,0.0,0.0,2640.0,2640.0,0,0.0,0
30 Mar 2026,CARDAMOM,29MAY2026,0.0,0.0,0.0,2640.0,2640.0,0,0.0,0
27 Mar 2026,CARDAMOM,29MAY2026,0.0,0.0,0.0,2640.0,2640.0,0,0.0,0
26 Mar 2026,CARDAMOM,29MAY2026,0.0,0.0,0.0,2640.0,2640.0,0,0.0,0
25 Mar 2026,CARDAMOM,29MAY2026,0.0,0.0,0.0,2640.0,2640.0,0,0.0,0
24 Mar 2026,CARDAMOM,29MAY2026,0.0,0.0,0.0,2640.0,2640.0,0,0.0,0
23 Mar 2026,CARDAMOM,29MAY2026,0.0,0.0,0.0,2640.0,2640.0,0,0.0,0
20 Mar 2026,CARDAMOM,29MAY2026,0.0,0.0,0.0,2640.0,2640.0,0,0.0,0
19 Mar 2026,CARDAMOM,29MAY2026,0.0,0.0,0.0,2640.0,2640.0,0,0.0,0
18 Mar 2026,CARDAMOM,29MAY2026,0.0,0.0,0.0,2640.0,2640.0,0,0.0,0
17 Mar 2026,CARDAMOM,29MAY2026,0.0,0.0,0.0,2640.0,2640.0,0,0.0,0
16 Mar 2026,CARDAMOM,29MAY2026,0.0,0.0,0.0,2640.0,2640.0,0,0.0,0
13 Mar 2026,CARDAMOM,29MAY2026,0.0,0.0,0.0,2640.0,2640.0,0,0.0,0
12 Mar 2026,CARDAMOM,29MAY2026,0.0,0.0,0.0,2640.0,2640.0,0,0.0,0
11 Mar 2026,CARDAMOM,29MAY2026,0.0,0.0,0.0,2640.0,2640.0,0,0.0,0
10 Mar 2026,CARDAMOM,29MAY2026,0.0,0.0,0.0,2640.0,2640.0,0,0.0,0
09 Mar 2026,CARDAMOM,29MAY2026,0.0,0.0,0.0,2640.0,2640.0,0,0.0,0
06 Mar 2026,CARDAMOM,29MAY2026,0.0,0.0,0.0,2640.0,2640.0,0,0.0,0
05 Mar 2026,CARDAMOM,29MAY2026,0.0,0.0,0.0,2640.0,2640.0,0,0.0,0
04 Mar 2026,CARDAMOM,29MAY2026,0.0,0.0,0.0,2640.0,2640.0,0,0.0,0
03 Mar 2026,CARDAMOM,29MAY2026,0.0,0.0,0.0,2640.0,2640.0,0,0.0,0
02 Mar 2026,CARDAMOM,29MAY2026,0.0,0.0,0.0,2640.0,2640.0,0,0.0,0
27 Feb 2026,CARDAMOM,29MAY2026,0.0,0.0,0.0,2640.0,2640.0,0,0.0,0
26 Feb 2026,CARDAMOM,29MAY2026,0.0,0.0,0.0,2640.0,2640.0,0,0.0,0
25 Feb 2026,CARDAMOM,29MAY2026,0.0,0.0,0.0,2640.0,2640.0,0,0.0,0
24 Feb 2026,CARDAMOM,29MAY2026,0.0,0.0,0.0,2640.0,2640.0,0,0.0,0
23 Feb 2026,CARDAMOM,29MAY2026,0.0,0.0,0.0,2640.0,2640.0,0,0.0,0
20 Feb 2026,CARDAMOM,29MAY2026,0.0,0.0,0.0,2640.0,2640.0,0,0.0,0
19 Feb 2026,CARDAMOM,29MAY2026,0.0,0.0,0.0,2640.0,2640.0,0,0.0,0
18 Feb 2026,CARDAMOM,29MAY2026,0.0,0.0,0.0,2640.0,2640.0,0,0.0,0
17 Feb 2026,CARDAMOM,29MAY2026,0.0,0.0,0.0,2640.0,2640.0,0,0.0,0
16 Feb 2026,CARDAMOM,29MAY2026,0.0,0.0,0.0,2640.0,2640.0,0,0.0,0
13 Feb 2026,CARDAMOM,29MAY2026,0.0,0.0,0.0,2640.0,2640.0,0,0.0,0
12 Feb 2026,CARDAMOM,29MAY2026,0.0,0.0,0.0,2640.0,2640.0,0,0.0,0
11 Feb 2026,CARDAMOM,29MAY2026,0.0,0.0,0.0,2640.0,2640.0,0,0.0,0
10 Feb 2026,CARDAMOM,29MAY2026,0.0,0.0,0.0,2640.0,2640.0,0,0.0,0
09 Feb 2026,CARDAMOM,29MAY2026,0.0,0.0,0.0,2640.0,2640.0,0,0.0,0
06 Feb 2026,CARDAMOM,29MAY2026,0.0,0.0,0.0,2640.0,2640.0,0,0.0,0
05 Feb 2026,CARDAMOM,29MAY2026,0.0,0.0,0.0,2640.0,2640.0,0,0.0,0
04 Feb 2026,CARDAMOM,29MAY2026,0.0,0.0,0.0,2640.0,2640.0,0,0.0,0
03 Feb 2026,CARDAMOM,29MAY2026,0.0,0.0,0.0,2640.0,2640.0,0,0.0,0
02 Feb 2026,CARDAMOM,29MAY2026,0.0,0.0,0.0,2640.0,2640.0,0,0.0,0
01 Feb 2026,CARDAMOM,29MAY2026,0.0,0.0,0.0,2640.0,2640.0,0,0.0,0
30 Jan 2026,CARDAMOM,29MAY2026,0.0,0.0,0.0,2640.0,2640.0,0,0.0,0
29 Jan 2026,CARDAMOM,29MAY2026,0.0,0.0,0.0,2640.0,2640.0,0,0.0,0
28 Jan 2026,CARDAMOM,29MAY2026,0.0,0.0,0.0,2640.0,2640.0,0,0.0,0
27 Jan 2026,CARDAMOM,29MAY2026,0.0,0.0,0.0,2640.0,2640.0,0,0.0,0
23 Jan 2026,CARDAMOM,29MAY2026,0.0,0.0,0.0,2640.0,2640.0,0,0.0,0
22 Jan 2026,CARDAMOM,29MAY2026,0.0,0.0,0.0,2640.0,2640.0,0,0.0,0
21 Jan 2026,CARDAMOM,29MAY2026,0.0,0.0,0.0,2640.0,2640.0,0,0.0,0
20 Jan 2026,CARDAMOM,29MAY2026,0.0,0.0,0.0,2640.0,2640.0,0,0.0,0
19 Jan 2026,CARDAMOM,29MAY2026,0.0,0.0,0.0,2640.0,2640.0,0,0.0,0
16 Jan 2026,CARDAMOM,29MAY2026,0.0,0.0,0.0,2640.0,2640.0,0,0.0,0
15 Jan 2026,CARDAMOM,29MAY2026,0.0,0.0,0.0,2640.0,2640.0,0,0.0,0
14 Jan 2026,CARDAMOM,29MAY2026,0.0,0.0,0.0,2640.0,2640.0,0,0.0,0
13 Jan 2026,CARDAMOM,29MAY2026,0.0,0.0,0.0,2640.0,2640.0,0,0.0,0
12 Jan 2026,CARDAMOM,29MAY2026,0.0,0.0,0.0,2640.0,2640.0,0,0.0,0
09 Jan 2026,CARDAMOM,29MAY2026,0.0,0.0,0.0,2640.0,2640.0,0,0.0,0
08 Jan 2026,CARDAMOM,29MAY2026,0.0,0.0,0.0,2640.0,2640.0,0,0.0,0
07 Jan 2026,CARDAMOM,29MAY2026,0.0,0.0,0.0,2640.0,2640.0,0,0.0,0
06 Jan 2026,CARDAMOM,29MAY2026,0.0,0.0,0.0,2640.0,2640.0,0,0.0,0
05 Jan 2026,CARDAMOM,29MAY2026,0.0,0.0,0.0,2640.0,2640.0,0,0.0,0
02 Jan 2026,CARDAMOM,29MAY2026,0.0,0.0,0.0,2640.0,2640.0,0,0.0,0
01 Jan 2026,CARDAMOM,29MAY2026,0.0,0.0,0.0,2640.0,2640.0,0,0.0,0
30 Apr 2026,CARDAMOM,30APR2026,2940.0,2947.0,2903.0,2926.0,2873.0,12,35.11,59
29 Apr 2026,CARDAMOM,30APR2026,2826.0,2920.0,2826.0,2873.0,2920.0,2,5.75,60
28 Apr 2026,CARDAMOM,30APR2026,2900.0,2954.0,2900.0,2920.0,2952.0,3,8.76,60
27 Apr 2026,CARDAMOM,30APR2026,2964.0,2964.0,2950.0,2952.0,2949.0,8,23.62,58
24 Apr 2026,CARDAMOM,30APR2026,2900.0,2980.0,2900.0,2949.0,2872.0,10,29.49,63
23 Apr 2026,CARDAMOM,30APR2026,2850.0,2899.0,2850.0,2872.0,2883.0,4,11.49,68
22 Apr 2026,CARDAMOM,30APR2026,2853.0,2938.0,2853.0,2883.0,2938.0,5,14.42,66
21 Apr 2026,CARDAMOM,30APR2026,2934.0,2950.0,2925.0,2938.0,2984.0,10,29.38,68
20 Apr 2026,CARDAMOM,30APR2026,2975.0,3000.0,2900.0,2984.0,2935.0,12,35.79,68
17 Apr 2026,CARDAMOM,30APR2026,2820.0,2949.0,2820.0,2935.0,2824.0,23,66.84,71
16 Apr 2026,CARDAMOM,30APR2026,2870.0,2870.0,2786.0,2824.0,2792.0,11,31.11,68
15 Apr 2026,CARDAMOM,30APR2026,2750.0,2819.0,2750.0,2792.0,2671.0,14,38.93,66
14 Apr 2026,CARDAMOM,30APR2026,0.0,0.0,0.0,2671.0,2671.0,0,0.0,71
13 Apr 2026,CARDAMOM,30APR2026,2651.0,2700.0,2650.0,2671.0,2683.0,19,50.83,71
10 Apr 2026,CARDAMOM,30APR2026,2605.0,2766.0,2605.0,2683.0,2661.0,24,63.86,68
09 Apr 2026,CARDAMOM,30APR2026,2652.0,2669.0,2650.0,2661.0,2652.0,10,26.61,64
08 Apr 2026,CARDAMOM,30APR2026,2570.0,2670.0,2570.0,2652.0,2569.0,24,63.13,64
07 Apr 2026,CARDAMOM,30APR2026,2585.0,2600.0,2525.0,2569.0,2586.0,14,35.89,50
06 Apr 2026,CARDAMOM,30APR2026,2550.0,2592.0,2550.0,2586.0,2511.0,19,48.99,49
02 Apr 2026,CARDAMOM,30APR2026,2425.0,2550.0,2425.0,2511.0,2459.0,25,62.27,46
01 Apr 2026,CARDAMOM,30APR2026,2430.0,2467.0,2425.0,2459.0,2446.0,22,53.82,38
31 Mar 2026,CARDAMOM,30APR2026,0.0,0.0,0.0,2446.0,2446.0,0,0.0,34
30 Mar 2026,CARDAMOM,30APR2026,2455.0,2458.0,2430.0,2446.0,2452.0,14,34.25,34
27 Mar 2026,CARDAMOM,30APR2026,2450.0,2458.0,2445.0,2452.0,2481.0,9,22.07,32
26 Mar 2026,CARDAMOM,30APR2026,0.0,0.0,0.0,2481.0,2481.0,0,0.0,32
25 Mar 2026,CARDAMOM,30APR2026,2470.0,2500.0,2415.0,2481.0,2467.0,17,41.89,32
24 Mar 2026,CARDAMOM,30APR2026,2468.0,2481.0,2445.0,2467.0,2444.0,9,22.2,25
23 Mar 2026,CARDAMOM,30APR2026,2400.0,2489.0,2400.0,2444.0,2404.0,11,26.84,21
20 Mar 2026,CARDAMOM,30APR2026,0.0,0.0,0.0,2404.0,2404.0,0,0.0,14
19 Mar 2026,CARDAMOM,30APR2026,0.0,0.0,0.0,2404.0,2404.0,0,0.0,14
18 Mar 2026,CARDAMOM,30APR2026,2400.0,2407.0,2400.0,2404.0,2315.0,2,4.81,14
17 Mar 2026,CARDAMOM,30APR2026,2315.0,2315.0,2315.0,2315.0,2411.0,1,2.32,12
16 Mar 2026,CARDAMOM,30APR2026,2411.0,2411.0,2410.0,2411.0,2505.0,2,4.82,11
13 Mar 2026,CARDAMOM,30APR2026,2505.0,2505.0,2505.0,2505.0,2542.0,3,7.52,9
12 Mar 2026,CARDAMOM,30APR2026,0.0,0.0,0.0,2542.0,2542.0,0,0.0,9
11 Mar 2026,CARDAMOM,30APR2026,0.0,0.0,0.0,2542.0,2542.0,0,0.0,9
10 Mar 2026,CARDAMOM,30APR2026,0.0,0.0,0.0,2542.0,2542.0,0,0.0,9
09 Mar 2026,CARDAMOM,30APR2026,0.0,0.0,0.0,2542.0,2542.0,0,0.0,9
06 Mar 2026,CARDAMOM,30APR2026,0.0,0.0,0.0,2542.0,2542.0,0,0.0,9
05 Mar 2026,CARDAMOM,30APR2026,0.0,0.0,0.0,2542.0,2542.0,0,0.0,9
04 Mar 2026,CARDAMOM,30APR2026,0.0,0.0,0.0,2542.0,2542.0,0,0.0,9
03 Mar 2026,CARDAMOM,30APR2026,0.0,0.0,0.0,2542.0,2542.0,0,0.0,9
02 Mar 2026,CARDAMOM,30APR2026,0.0,0.0,0.0,2542.0,2542.0,0,0.0,9
27 Feb 2026,CARDAMOM,30APR2026,0.0,0.0,0.0,2542.0,2542.0,0,0.0,9
26 Feb 2026,CARDAMOM,30APR2026,0.0,0.0,0.0,2542.0,2542.0,0,0.0,9
25 Feb 2026,CARDAMOM,30APR2026,0.0,0.0,0.0,2542.0,2542.0,0,0.0,9
24 Feb 2026,CARDAMOM,30APR2026,0.0,0.0,0.0,2542.0,2542.0,0,0.0,9
23 Feb 2026,CARDAMOM,30APR2026,2542.0,2542.0,2542.0,2542.0,2647.0,1,2.54,9
20 Feb 2026,CARDAMOM,30APR2026,0.0,0.0,0.0,2647.0,2647.0,0,0.0,8
19 Feb 2026,CARDAMOM,30APR2026,0.0,0.0,0.0,2647.0,2647.0,0,0.0,8
18 Feb 2026,CARDAMOM,30APR2026,0.0,0.0,0.0,2647.0,2647.0,0,0.0,8
17 Feb 2026,CARDAMOM,30APR2026,0.0,0.0,0.0,2647.0,2647.0,0,0.0,8
16 Feb 2026,CARDAMOM,30APR2026,0.0,0.0,0.0,2647.0,2647.0,0,0.0,8
13 Feb 2026,CARDAMOM,30APR2026,0.0,0.0,0.0,2647.0,2647.0,0,0.0,8
12 Feb 2026,CARDAMOM,30APR2026,2645.0,2649.0,2645.0,2647.0,2650.0,2,5.29,8
11 Feb 2026,CARDAMOM,30APR2026,0.0,0.0,0.0,2650.0,2650.0,0,0.0,6
10 Feb 2026,CARDAMOM,30APR2026,0.0,0.0,0.0,2650.0,2650.0,0,0.0,6
09 Feb 2026,CARDAMOM,30APR2026,2650.0,2650.0,2650.0,2650.0,2617.0,3,7.95,6
06 Feb 2026,CARDAMOM,30APR2026,0.0,0.0,0.0,2617.0,2617.0,0,0.0,3
05 Feb 2026,CARDAMOM,30APR2026,0.0,0.0,0.0,2617.0,2617.0,0,0.0,3
04 Feb 2026,CARDAMOM,30APR2026,0.0,0.0,0.0,2617.0,2617.0,0,0.0,3
03 Feb 2026,CARDAMOM,30APR2026,0.0,0.0,0.0,2617.0,2617.0,0,0.0,3
02 Feb 2026,CARDAMOM,30APR2026,0.0,0.0,0.0,2617.0,2617.0,0,0.0,3
01 Feb 2026,CARDAMOM,30APR2026,0.0,0.0,0.0,2617.0,2617.0,0,0.0,3
30 Jan 2026,CARDAMOM,30APR2026,0.0,0.0,0.0,2617.0,2617.0,0,0.0,3
29 Jan 2026,CARDAMOM,30APR2026,2600.0,2650.0,2600.0,2617.0,2632.0,3,7.85,3
28 Jan 2026,CARDAMOM,30APR2026,0.0,0.0,0.0,2632.0,2632.0,0,0.0,0
27 Jan 2026,CARDAMOM,30APR2026,0.0,0.0,0.0,2632.0,2632.0,0,0.0,0
23 Jan 2026,CARDAMOM,30APR2026,0.0,0.0,0.0,2632.0,2632.0,0,0.0,0
22 Jan 2026,CARDAMOM,30APR2026,0.0,0.0,0.0,2632.0,2632.0,0,0.0,0
21 Jan 2026,CARDAMOM,30APR2026,0.0,0.0,0.0,2632.0,2632.0,0,0.0,0
20 Jan 2026,CARDAMOM,30APR2026,0.0,0.0,0.0,2632.0,2632.0,0,0.0,0
19 Jan 2026,CARDAMOM,30APR2026,0.0,0.0,0.0,2632.0,2632.0,0,0.0,0
16 Jan 2026,CARDAMOM,30APR2026,0.0,0.0,0.0,2632.0,2632.0,0,0.0,0
15 Jan 2026,CARDAMOM,30APR2026,0.0,0.0,0.0,2632.0,2632.0,0,0.0,0
14 Jan 2026,CARDAMOM,30APR2026,0.0,0.0,0.0,2632.0,2632.0,0,0.0,0
13 Jan 2026,CARDAMOM,30APR2026,0.0,0.0,0.0,2632.0,2632.0,0,0.0,0
12 Jan 2026,CARDAMOM,30APR2026,0.0,0.0,0.0,2632.0,2632.0,0,0.0,0
09 Jan 2026,CARDAMOM,30APR2026,0.0,0.0,0.0,2632.0,2632.0,0,0.0,0
08 Jan 2026,CARDAMOM,30APR2026,0.0,0.0,0.0,2632.0,2632.0,0,0.0,0
07 Jan 2026,CARDAMOM,30APR2026,0.0,0.0,0.0,2632.0,2632.0,0,0.0,0
06 Jan 2026,CARDAMOM,30APR2026,0.0,0.0,0.0,2632.0,2632.0,0,0.0,0
05 Jan 2026,CARDAMOM,30APR2026,0.0,0.0,0.0,2632.0,2632.0,0,0.0,0
02 Jan 2026,CARDAMOM,30APR2026,0.0,0.0,0.0,2632.0,2632.0,0,0.0,0
01 Jan 2026,CARDAMOM,30APR2026,0.0,0.0,0.0,2632.0,2632.0,0,0.0,0
31 Dec 2025,CARDAMOM,30APR2026,0.0,0.0,0.0,2632.0,2632.0,0,0.0,0
30 Dec 2025,CARDAMOM,30APR2026,0.0,0.0,0.0,2632.0,2632.0,0,0.0,0
29 Dec 2025,CARDAMOM,30APR2026,0.0,0.0,0.0,2632.0,2632.0,0,0.0,0
26 Dec 2025,CARDAMOM,30APR2026,0.0,0.0,0.0,2632.0,2632.0,0,0.0,0
24 Dec 2025,CARDAMOM,30APR2026,0.0,0.0,0.0,2632.0,2632.0,0,0.0,0
23 Dec 2025,CARDAMOM,30APR2026,0.0,0.0,0.0,2632.0,2632.0,0,0.0,0
22 Dec 2025,CARDAMOM,30APR2026,0.0,0.0,0.0,2632.0,2632.0,0,0.0,0
19 Dec 2025,CARDAMOM,30APR2026,0.0,0.0,0.0,2632.0,2632.0,0,0.0,0
18 Dec 2025,CARDAMOM,30APR2026,0.0,0.0,0.0,2632.0,2632.0,0,0.0,0
17 Dec 2025,CARDAMOM,30APR2026,0.0,0.0,0.0,2632.0,2632.0,0,0.0,0
16 Dec 2025,CARDAMOM,30APR2026,0.0,0.0,0.0,2632.0,2632.0,0,0.0,0
15 Dec 2025,CARDAMOM,30APR2026,0.0,0.0,0.0,2632.0,2632.0,0,0.0,0
12 Dec 2025,CARDAMOM,30APR2026,0.0,0.0,0.0,2632.0,2632.0,0,0.0,0
11 Dec 2025,CARDAMOM,30APR2026,0.0,0.0,0.0,2632.0,2632.0,0,0.0,0
10 Dec 2025,CARDAMOM,30APR2026,0.0,0.0,0.0,2632.0,2632.0,0,0.0,0
09 Dec 2025,CARDAMOM,30APR2026,0.0,0.0,0.0,2632.0,2632.0,0,0.0,0
08 Dec 2025,CARDAMOM,30APR2026,0.0,0.0,0.0,2632.0,2632.0,0,0.0,0
05 Dec 2025,CARDAMOM,30APR2026,0.0,0.0,0.0,2632.0,2632.0,0,0.0,0
04 Dec 2025,CARDAMOM,30APR2026,0.0,0.0,0.0,2632.0,2632.0,0,0.0,0
03 Dec 2025,CARDAMOM,30APR2026,0.0,0.0,0.0,2632.0,2632.0,0,0.0,0
02 Dec 2025,CARDAMOM,30APR2026,0.0,0.0,0.0,2632.0,2632.0,0,0.0,0
01 Dec 2025,CARDAMOM,30APR2026,0.0,0.0,0.0,2632.0,2632.0,0,0.0,0
30 Mar 2026,CARDAMOM,31MAR2026,0.0,0.0,0.0,2335.0,2335.0,0,0.0,1
27 Mar 2026,CARDAMOM,31MAR2026,0.0,0.0,0.0,2335.0,2335.0,0,0.0,1
26 Mar 2026,CARDAMOM,31MAR2026,0.0,0.0,0.0,2335.0,2335.0,0,0.0,1
25 Mar 2026,CARDAMOM,31MAR2026,2385.0,2385.0,2314.0,2335.0,2410.0,12,28.02,2
24 Mar 2026,CARDAMOM,31MAR2026,2500.0,2500.0,2372.0,2410.0,2447.0,29,70.55,13
23 Mar 2026,CARDAMOM,31MAR2026,2400.0,2500.0,2341.0,2447.0,2379.0,41,99.57,16
20 Mar 2026,CARDAMOM,31MAR2026,2400.0,2400.0,2341.0,2379.0,2424.0,20,47.56,26
19 Mar 2026,CARDAMOM,31MAR2026,2440.0,2440.0,2375.0,2424.0,2430.0,26,62.72,27
18 Mar 2026,CARDAMOM,31MAR2026,2340.0,2449.0,2330.0,2430.0,2355.0,32,76.6,27
17 Mar 2026,CARDAMOM,31MAR2026,2346.0,2398.0,2341.0,2355.0,2425.0,21,49.79,22
16 Mar 2026,CARDAMOM,31MAR2026,2460.0,2460.0,2412.0,2425.0,2512.0,22,53.68,21
13 Mar 2026,CARDAMOM,31MAR2026,2521.0,2533.0,2500.0,2512.0,2525.0,19,47.87,20
12 Mar 2026,CARDAMOM,31MAR2026,2521.0,2532.0,2521.0,2525.0,2525.0,18,45.44,20
11 Mar 2026,CARDAMOM,31MAR2026,2528.0,2570.0,2521.0,2525.0,2547.0,20,50.61,20
10 Mar 2026,CARDAMOM,31MAR2026,2529.0,2552.0,2529.0,2547.0,2524.0,19,48.27,21
09 Mar 2026,CARDAMOM,31MAR2026,2490.0,2540.0,2490.0,2524.0,2489.0,17,42.73,19
06 Mar 2026,CARDAMOM,31MAR2026,2477.0,2495.0,2477.0,2489.0,2476.0,21,52.2,18
05 Mar 2026,CARDAMOM,31MAR2026,2475.0,2485.0,2465.0,2476.0,2466.0,22,54.51,19
04 Mar 2026,CARDAMOM,31MAR2026,2461.0,2472.0,2451.0,2466.0,2508.0,20,49.25,18
03 Mar 2026,CARDAMOM,31MAR2026,0.0,0.0,0.0,2508.0,2508.0,0,0.0,18
02 Mar 2026,CARDAMOM,31MAR2026,2500.0,2515.0,2490.0,2508.0,2516.0,20,50.04,18
27 Feb 2026,CARDAMOM,31MAR2026,2520.0,2520.0,2510.0,2516.0,2524.0,21,52.83,17
26 Feb 2026,CARDAMOM,31MAR2026,2520.0,2533.0,2520.0,2524.0,2516.0,15,37.87,17
25 Feb 2026,CARDAMOM,31MAR2026,2502.0,2525.0,2502.0,2516.0,2532.0,19,47.79,17
24 Feb 2026,CARDAMOM,31MAR2026,2530.0,2550.0,2500.0,2532.0,2559.0,16,40.5,13
23 Feb 2026,CARDAMOM,31MAR2026,2595.0,2595.0,2545.0,2559.0,2535.0,4,10.24,11
20 Feb 2026,CARDAMOM,31MAR2026,2535.0,2535.0,2535.0,2535.0,2550.0,1,2.54,8
19 Feb 2026,CARDAMOM,31MAR2026,2550.0,2550.0,2550.0,2550.0,2530.0,1,2.55,7
18 Feb 2026,CARDAMOM,31MAR2026,0.0,0.0,0.0,2530.0,2530.0,0,0.0,6
17 Feb 2026,CARDAMOM,31MAR2026,2530.0,2530.0,2530.0,2530.0,2510.0,1,2.53,6
16 Feb 2026,CARDAMOM,31MAR2026,0.0,0.0,0.0,2510.0,2510.0,0,0.0,5
13 Feb 2026,CARDAMOM,31MAR2026,2510.0,2510.0,2510.0,2510.0,2557.0,1,2.51,5
12 Feb 2026,CARDAMOM,31MAR2026,2612.0,2612.0,2530.0,2557.0,2512.0,3,7.67,5
11 Feb 2026,CARDAMOM,31MAR2026,0.0,0.0,0.0,2512.0,2512.0,0,0.0,5
10 Feb 2026,CARDAMOM,31MAR2026,2512.0,2512.0,2512.0,2512.0,2530.0,1,2.51,5
09 Feb 2026,CARDAMOM,31MAR2026,2530.0,2530.0,2530.0,2530.0,2512.0,1,2.53,5
06 Feb 2026,CARDAMOM,31MAR2026,0.0,0.0,0.0,2512.0,2512.0,0,0.0,5
05 Feb 2026,CARDAMOM,31MAR2026,2512.0,2512.0,2512.0,2512.0,2513.0,1,2.51,5
04 Feb 2026,CARDAMOM,31MAR2026,2515.0,2515.0,2510.0,2513.0,2515.0,3,7.54,5
03 Feb 2026,CARDAMOM,31MAR2026,2515.0,2515.0,2515.0,2515.0,2515.0,2,5.03,4
02 Feb 2026,CARDAMOM,31MAR2026,0.0,0.0,0.0,2515.0,2515.0,0,0.0,4
01 Feb 2026,CARDAMOM,31MAR2026,0.0,0.0,0.0,2515.0,2515.0,0,0.0,4
30 Jan 2026,CARDAMOM,31MAR2026,2480.0,2550.0,2480.0,2515.0,2480.0,2,5.03,4
29 Jan 2026,CARDAMOM,31MAR2026,2480.0,2480.0,2480.0,2480.0,2475.0,1,2.48,4
28 Jan 2026,CARDAMOM,31MAR2026,2475.0,2475.0,2475.0,2475.0,2578.0,1,2.48,3
27 Jan 2026,CARDAMOM,31MAR2026,2578.0,2578.0,2578.0,2578.0,2578.0,1,2.58,3
23 Jan 2026,CARDAMOM,31MAR2026,0.0,0.0,0.0,2578.0,2578.0,0,0.0,2
22 Jan 2026,CARDAMOM,31MAR2026,0.0,0.0,0.0,2578.0,2578.0,0,0.0,2
21 Jan 2026,CARDAMOM,31MAR2026,0.0,0.0,0.0,2578.0,2578.0,0,0.0,2
20 Jan 2026,CARDAMOM,31MAR2026,0.0,0.0,0.0,2578.0,2578.0,0,0.0,2
19 Jan 2026,CARDAMOM,31MAR2026,2578.0,2578.0,2578.0,2578.0,2578.0,1,2.58,2
16 Jan 2026,CARDAMOM,31MAR2026,0.0,0.0,0.0,2578.0,2578.0,0,0.0,2
15 Jan 2026,CARDAMOM,31MAR2026,0.0,0.0,0.0,2578.0,2578.0,0,0.0,2
14 Jan 2026,CARDAMOM,31MAR2026,0.0,0.0,0.0,2578.0,2578.0,0,0.0,2
13 Jan 2026,CARDAMOM,31MAR2026,0.0,0.0,0.0,2578.0,2578.0,0,0.0,2
12 Jan 2026,CARDAMOM,31MAR2026,0.0,0.0,0.0,2578.0,2578.0,0,0.0,2
09 Jan 2026,CARDAMOM,31MAR2026,0.0,0.0,0.0,2578.0,2578.0,0,0.0,2
08 Jan 2026,CARDAMOM,31MAR2026,0.0,0.0,0.0,2578.0,2578.0,0,0.0,2
07 Jan 2026,CARDAMOM,31MAR2026,2578.0,2578.0,2578.0,2578.0,2528.0,1,2.58,2
06 Jan 2026,CARDAMOM,31MAR2026,2528.0,2528.0,2528.0,2528.0,2632.0,1,2.53,1
05 Jan 2026,CARDAMOM,31MAR2026,0.0,0.0,0.0,2632.0,2632.0,0,0.0,0
02 Jan 2026,CARDAMOM,31MAR2026,0.0,0.0,0.0,2632.0,2632.0,0,0.0,0
01 Jan 2026,CARDAMOM,31MAR2026,0.0,0.0,0.0,2632.0,2632.0,0,0.0,0
31 Dec 2025,CARDAMOM,31MAR2026,0.0,0.0,0.0,2632.0,2632.0,0,0.0,0
30 Dec 2025,CARDAMOM,31MAR2026,0.0,0.0,0.0,2632.0,2632.0,0,0.0,0
29 Dec 2025,CARDAMOM,31MAR2026,0.0,0.0,0.0,2632.0,2632.0,0,0.0,0
26 Dec 2025,CARDAMOM,31MAR2026,0.0,0.0,0.0,2632.0,2632.0,0,0.0,0
24 Dec 2025,CARDAMOM,31MAR2026,0.0,0.0,0.0,2632.0,2632.0,0,0.0,0
23 Dec 2025,CARDAMOM,31MAR2026,0.0,0.0,0.0,2632.0,2632.0,0,0.0,0
22 Dec 2025,CARDAMOM,31MAR2026,0.0,0.0,0.0,2632.0,2632.0,0,0.0,0
19 Dec 2025,CARDAMOM,31MAR2026,0.0,0.0,0.0,2632.0,2632.0,0,0.0,0
18 Dec 2025,CARDAMOM,31MAR2026,0.0,0.0,0.0,2632.0,2632.0,0,0.0,0
17 Dec 2025,CARDAMOM,31MAR2026,0.0,0.0,0.0,2632.0,2632.0,0,0.0,0
16 Dec 2025,CARDAMOM,31MAR2026,0.0,0.0,0.0,2632.0,2632.0,0,0.0,0
15 Dec 2025,CARDAMOM,31MAR2026,0.0,0.0,0.0,2632.0,2632.0,0,0.0,0
12 Dec 2025,CARDAMOM,31MAR2026,0.0,0.0,0.0,2632.0,2632.0,0,0.0,0
11 Dec 2025,CARDAMOM,31MAR2026,0.0,0.0,0.0,2632.0,2632.0,0,0.0,0
10 Dec 2025,CARDAMOM,31MAR2026,0.0,0.0,0.0,2632.0,2632.0,0,0.0,0
09 Dec 2025,CARDAMOM,31MAR2026,0.0,0.0,0.0,2632.0,2632.0,0,0.0,0
08 Dec 2025,CARDAMOM,31MAR2026,0.0,0.0,0.0,2632.0,2632.0,0,0.0,0
05 Dec 2025,CARDAMOM,31MAR2026,0.0,0.0,0.0,2632.0,2632.0,0,0.0,0
04 Dec 2025,CARDAMOM,31MAR2026,0.0,0.0,0.0,2632.0,2632.0,0,0.0,0
03 Dec 2025,CARDAMOM,31MAR2026,0.0,0.0,0.0,2632.0,2632.0,0,0.0,0
02 Dec 2025,CARDAMOM,31MAR2026,0.0,0.0,0.0,2632.0,2632.0,0,0.0,0
01 Dec 2025,CARDAMOM,31MAR2026,0.0,0.0,0.0,2632.0,2632.0,0,0.0,0
28 Nov 2025,CARDAMOM,31MAR2026,0.0,0.0,0.0,2632.0,2632.0,0,0.0,0
27 Nov 2025,CARDAMOM,31MAR2026,0.0,0.0,0.0,2632.0,2632.0,0,0.0,0
26 Nov 2025,CARDAMOM,31MAR2026,0.0,0.0,0.0,2497.0,2497.0,0,0.0,0
25 Nov 2025,CARDAMOM,31MAR2026,0.0,0.0,0.0,2497.0,2497.0,0,0.0,0
24 Nov 2025,CARDAMOM,31MAR2026,0.0,0.0,0.0,2497.0,2497.0,0,0.0,0
21 Nov 2025,CARDAMOM,31MAR2026,0.0,0.0,0.0,2497.0,2497.0,0,0.0,0
20 Nov 2025,CARDAMOM,31MAR2026,0.0,0.0,0.0,2497.0,2497.0,0,0.0,0
19 Nov 2025,CARDAMOM,31MAR2026,0.0,0.0,0.0,2497.0,2497.0,0,0.0,0
18 Nov 2025,CARDAMOM,31MAR2026,0.0,0.0,0.0,2497.0,2497.0,0,0.0,0
17 Nov 2025,CARDAMOM,31MAR2026,0.0,0.0,0.0,2730.0,2730.0,0,0.0,0
14 Nov 2025,CARDAMOM,31MAR2026,0.0,0.0,0.0,2730.0,2730.0,0,0.0,0
13 Nov 2025,CARDAMOM,31MAR2026,0.0,0.0,0.0,2730.0,2730.0,0,0.0,0
12 Nov 2025,CARDAMOM,31MAR2026,0.0,0.0,0.0,2730.0,2730.0,0,0.0,0
11 Nov 2025,CARDAMOM,31MAR2026,0.0,0.0,0.0,2730.0,2730.0,0,0.0,0
10 Nov 2025,CARDAMOM,31MAR2026,0.0,0.0,0.0,2730.0,2730.0,0,0.0,0
07 Nov 2025,CARDAMOM,31MAR2026,0.0,0.0,0.0,2730.0,2730.0,0,0.0,0
06 Nov 2025,CARDAMOM,31MAR2026,0.0,0.0,0.0,2730.0,2730.0,0,0.0,0
05 Nov 2025,CARDAMOM,31MAR2026,0.0,0.0,0.0,2730.0,2730.0,0,0.0,0
04 Nov 2025,CARDAMOM,31MAR2026,0.0,0.0,0.0,2730.0,2730.0,0,0.0,0
03 Nov 2025,CARDAMOM,31MAR2026,0.0,0.0,0.0,2730.0,2730.0,0,0.0,0
27 Feb 2026,CARDAMOM,27FEB2026,2559.0,2608.0,2559.0,2575.0,2461.0,3,7.73,9
26 Feb 2026,CARDAMOM,27FEB2026,0.0,0.0,0.0,2461.0,2461.0,0,0.0,8
25 Feb 2026,CARDAMOM,27FEB2026,2461.0,2461.0,2460.0,2461.0,2514.0,5,12.3,11
24 Feb 2026,CARDAMOM,27FEB2026,2541.0,2550.0,2480.0,2514.0,2554.0,15,37.8,16
23 Feb 2026,CARDAMOM,27FEB2026,2550.0,2569.0,2541.0,2554.0,2572.0,25,63.86,25
20 Feb 2026,CARDAMOM,27FEB2026,2563.0,2575.0,2550.0,2572.0,2569.0,20,51.37,35
19 Feb 2026,CARDAMOM,27FEB2026,2562.0,2578.0,2562.0,2569.0,2570.0,24,61.72,37
18 Feb 2026,CARDAMOM,27FEB2026,2568.0,2576.0,2568.0,2570.0,2592.0,24,61.71,37
17 Feb 2026,CARDAMOM,27FEB2026,2597.0,2597.0,2587.0,2592.0,2597.0,13,33.7,40
16 Feb 2026,CARDAMOM,27FEB2026,2608.0,2608.0,2593.0,2597.0,2608.0,18,46.74,40
13 Feb 2026,CARDAMOM,27FEB2026,2599.0,2615.0,2590.0,2608.0,2610.0,17,44.29,39
12 Feb 2026,CARDAMOM,27FEB2026,2600.0,2620.0,2600.0,2610.0,2607.0,29,75.73,40
11 Feb 2026,CARDAMOM,27FEB2026,2590.0,2615.0,2590.0,2607.0,2622.0,22,57.33,42
10 Feb 2026,CARDAMOM,27FEB2026,2610.0,2630.0,2609.0,2622.0,2626.0,19,49.76,43
09 Feb 2026,CARDAMOM,27FEB2026,2615.0,2640.0,2612.0,2626.0,2604.0,27,70.85,45
06 Feb 2026,CARDAMOM,27FEB2026,2598.0,2610.0,2598.0,2604.0,2598.0,14,36.44,41
05 Feb 2026,CARDAMOM,27FEB2026,2590.0,2609.0,2583.0,2598.0,2603.0,17,44.16,41
04 Feb 2026,CARDAMOM,27FEB2026,2590.0,2610.0,2580.0,2603.0,2592.0,21,54.47,35
03 Feb 2026,CARDAMOM,27FEB2026,2640.0,2640.0,2580.0,2592.0,2579.0,19,49.37,31
02 Feb 2026,CARDAMOM,27FEB2026,2600.0,2600.0,2572.0,2579.0,2610.0,12,30.97,31
01 Feb 2026,CARDAMOM,27FEB2026,2625.0,2625.0,2600.0,2610.0,2638.0,9,23.49,29
30 Jan 2026,CARDAMOM,27FEB2026,2630.0,2650.0,2630.0,2638.0,2645.0,14,36.91,34
29 Jan 2026,CARDAMOM,27FEB2026,2625.0,2650.0,2625.0,2645.0,2636.0,17,44.92,32
28 Jan 2026,CARDAMOM,27FEB2026,2630.0,2645.0,2626.0,2636.0,2639.0,12,31.62,31
27 Jan 2026,CARDAMOM,27FEB2026,2660.0,2660.0,2621.0,2639.0,2687.0,16,42.19,26
23 Jan 2026,CARDAMOM,27FEB2026,2630.0,2740.0,2625.0,2687.0,2637.0,36,96.32,24
22 Jan 2026,CARDAMOM,27FEB2026,2620.0,2650.0,2620.0,2637.0,2630.0,7,18.46,11
21 Jan 2026,CARDAMOM,27FEB2026,2650.0,2650.0,2620.0,2630.0,2649.0,5,13.15,9
20 Jan 2026,CARDAMOM,27FEB2026,2649.0,2649.0,2649.0,2649.0,2610.0,1,2.65,7
19 Jan 2026,CARDAMOM,27FEB2026,0.0,0.0,0.0,2610.0,2610.0,0,0.0,6
16 Jan 2026,CARDAMOM,27FEB2026,0.0,0.0,0.0,2610.0,2610.0,0,0.0,6
15 Jan 2026,CARDAMOM,27FEB2026,0.0,0.0,0.0,2610.0,2610.0,0,0.0,6
14 Jan 2026,CARDAMOM,27FEB2026,2610.0,2610.0,2610.0,2610.0,2637.0,1,2.61,6
13 Jan 2026,CARDAMOM,27FEB2026,2650.0,2650.0,2630.0,2637.0,2650.0,3,7.91,5
12 Jan 2026,CARDAMOM,27FEB2026,0.0,0.0,0.0,2650.0,2650.0,0,0.0,3
09 Jan 2026,CARDAMOM,27FEB2026,2650.0,2650.0,2650.0,2650.0,2655.0,1,2.65,3
08 Jan 2026,CARDAMOM,27FEB2026,0.0,0.0,0.0,2655.0,2655.0,0,0.0,3
07 Jan 2026,CARDAMOM,27FEB2026,0.0,0.0,0.0,2655.0,2655.0,0,0.0,3
06 Jan 2026,CARDAMOM,27FEB2026,2660.0,2660.0,2650.0,2655.0,2630.0,2,5.31,3
05 Jan 2026,CARDAMOM,27FEB2026,0.0,0.0,0.0,2630.0,2630.0,0,0.0,1
02 Jan 2026,CARDAMOM,27FEB2026,0.0,0.0,0.0,2630.0,2630.0,0,0.0,1
01 Jan 2026,CARDAMOM,27FEB2026,0.0,0.0,0.0,2630.0,2630.0,0,0.0,1
31 Dec 2025,CARDAMOM,27FEB2026,2630.0,2630.0,2630.0,2630.0,2632.0,1,2.63,1
30 Dec 2025,CARDAMOM,27FEB2026,0.0,0.0,0.0,2632.0,2632.0,0,0.0,0
29 Dec 2025,CARDAMOM,27FEB2026,0.0,0.0,0.0,2632.0,2632.0,0,0.0,0
26 Dec 2025,CARDAMOM,27FEB2026,0.0,0.0,0.0,2632.0,2632.0,0,0.0,0
24 Dec 2025,CARDAMOM,27FEB2026,0.0,0.0,0.0,2632.0,2632.0,0,0.0,0
23 Dec 2025,CARDAMOM,27FEB2026,0.0,0.0,0.0,2632.0,2632.0,0,0.0,0
22 Dec 2025,CARDAMOM,27FEB2026,0.0,0.0,0.0,2632.0,2632.0,0,0.0,0
19 Dec 2025,CARDAMOM,27FEB2026,0.0,0.0,0.0,2632.0,2632.0,0,0.0,0
18 Dec 2025,CARDAMOM,27FEB2026,0.0,0.0,0.0,2632.0,2632.0,0,0.0,0
17 Dec 2025,CARDAMOM,27FEB2026,0.0,0.0,0.0,2632.0,2632.0,0,0.0,0
16 Dec 2025,CARDAMOM,27FEB2026,0.0,0.0,0.0,2632.0,2632.0,0,0.0,0
15 Dec 2025,CARDAMOM,27FEB2026,0.0,0.0,0.0,2632.0,2632.0,0,0.0,0
12 Dec 2025,CARDAMOM,27FEB2026,0.0,0.0,0.0,2632.0,2632.0,0,0.0,0
11 Dec 2025,CARDAMOM,27FEB2026,0.0,0.0,0.0,2632.0,2632.0,0,0.0,0
10 Dec 2025,CARDAMOM,27FEB2026,0.0,0.0,0.0,2632.0,2632.0,0,0.0,0
09 Dec 2025,CARDAMOM,27FEB2026,0.0,0.0,0.0,2632.0,2632.0,0,0.0,0
08 Dec 2025,CARDAMOM,27FEB2026,0.0,0.0,0.0,2632.0,2632.0,0,0.0,0
05 Dec 2025,CARDAMOM,27FEB2026,0.0,0.0,0.0,2632.0,2632.0,0,0.0,0
04 Dec 2025,CARDAMOM,27FEB2026,0.0,0.0,0.0,2632.0,2632.0,0,0.0,0
03 Dec 2025,CARDAMOM,27FEB2026,0.0,0.0,0.0,2632.0,2632.0,0,0.0,0
02 Dec 2025,CARDAMOM,27FEB2026,0.0,0.0,0.0,2632.0,2632.0,0,0.0,0
01 Dec 2025,CARDAMOM,27FEB2026,0.0,0.0,0.0,2632.0,2632.0,0,0.0,0
28 Nov 2025,CARDAMOM,27FEB2026,0.0,0.0,0.0,2632.0,2632.0,0,0.0,0
27 Nov 2025,CARDAMOM,27FEB2026,0.0,0.0,0.0,2632.0,2632.0,0,0.0,0
26 Nov 2025,CARDAMOM,27FEB2026,0.0,0.0,0.0,2497.0,2497.0,0,0.0,0
25 Nov 2025,CARDAMOM,27FEB2026,0.0,0.0,0.0,2497.0,2497.0,0,0.0,0
24 Nov 2025,CARDAMOM,27FEB2026,0.0,0.0,0.0,2497.0,2497.0,0,0.0,0
21 Nov 2025,CARDAMOM,27FEB2026,0.0,0.0,0.0,2497.0,2497.0,0,0.0,0
20 Nov 2025,CARDAMOM,27FEB2026,0.0,0.0,0.0,2497.0,2497.0,0,0.0,0
19 Nov 2025,CARDAMOM,27FEB2026,0.0,0.0,0.0,2497.0,2497.0,0,0.0,0
18 Nov 2025,CARDAMOM,27FEB2026,0.0,0.0,0.0,2497.0,2497.0,0,0.0,0
17 Nov 2025,CARDAMOM,27FEB2026,0.0,0.0,0.0,2730.0,2730.0,0,0.0,0
14 Nov 2025,CARDAMOM,27FEB2026,0.0,0.0,0.0,2730.0,2730.0,0,0.0,0
13 Nov 2025,CARDAMOM,27FEB2026,0.0,0.0,0.0,2730.0,2730.0,0,0.0,0
12 Nov 2025,CARDAMOM,27FEB2026,0.0,0.0,0.0,2730.0,2730.0,0,0.0,0
11 Nov 2025,CARDAMOM,27FEB2026,0.0,0.0,0.0,2730.0,2730.0,0,0.0,0
10 Nov 2025,CARDAMOM,27FEB2026,0.0,0.0,0.0,2730.0,2730.0,0,0.0,0
07 Nov 2025,CARDAMOM,27FEB2026,0.0,0.0,0.0,2730.0,2730.0,0,0.0,0
06 Nov 2025,CARDAMOM,27FEB2026,0.0,0.0,0.0,2730.0,2730.0,0,0.0,0
05 Nov 2025,CARDAMOM,27FEB2026,0.0,0.0,0.0,2730.0,2730.0,0,0.0,0
04 Nov 2025,CARDAMOM,27FEB2026,0.0,0.0,0.0,2730.0,2730.0,0,0.0,0
03 Nov 2025,CARDAMOM,27FEB2026,0.0,0.0,0.0,2730.0,2730.0,0,0.0,0
31 Oct 2025,CARDAMOM,27FEB2026,0.0,0.0,0.0,2730.0,2730.0,0,0.0,0
30 Oct 2025,CARDAMOM,27FEB2026,0.0,0.0,0.0,2730.0,2730.0,0,0.0,0
29 Oct 2025,CARDAMOM,27FEB2026,0.0,0.0,0.0,2405.0,2405.0,0,0.0,0
28 Oct 2025,CARDAMOM,27FEB2026,0.0,0.0,0.0,2405.0,2405.0,0,0.0,0
27 Oct 2025,CARDAMOM,27FEB2026,0.0,0.0,0.0,2405.0,2405.0,0,0.0,0
24 Oct 2025,CARDAMOM,27FEB2026,0.0,0.0,0.0,2405.0,2405.0,0,0.0,0
23 Oct 2025,CARDAMOM,27FEB2026,0.0,0.0,0.0,2405.0,2405.0,0,0.0,0
22 Oct 2025,CARDAMOM,27FEB2026,0.0,0.0,0.0,2405.0,2405.0,0,0.0,0
21 Oct 2025,CARDAMOM,27FEB2026,0.0,0.0,0.0,2405.0,2405.0,0,0.0,0
20 Oct 2025,CARDAMOM,27FEB2026,0.0,0.0,0.0,2405.0,2405.0,0,0.0,0
17 Oct 2025,CARDAMOM,27FEB2026,0.0,0.0,0.0,2405.0,2405.0,0,0.0,0
16 Oct 2025,CARDAMOM,27FEB2026,0.0,0.0,0.0,2405.0,2405.0,0,0.0,0
15 Oct 2025,CARDAMOM,27FEB2026,0.0,0.0,0.0,2405.0,2405.0,0,0.0,0
14 Oct 2025,CARDAMOM,27FEB2026,0.0,0.0,0.0,2405.0,2405.0,0,0.0,0
13 Oct 2025,CARDAMOM,27FEB2026,0.0,0.0,0.0,2405.0,2405.0,0,0.0,0
10 Oct 2025,CARDAMOM,27FEB2026,0.0,0.0,0.0,2405.0,2405.0,0,0.0,0
09 Oct 2025,CARDAMOM,27FEB2026,0.0,0.0,0.0,2405.0,2405.0,0,0.0,0
08 Oct 2025,CARDAMOM,27FEB2026,0.0,0.0,0.0,2405.0,2405.0,0,0.0,0
07 Oct 2025,CARDAMOM,27FEB2026,0.0,0.0,0.0,2405.0,2405.0,0,0.0,0
06 Oct 2025,CARDAMOM,27FEB2026,0.0,0.0,0.0,2405.0,2405.0,0,0.0,0
03 Oct 2025,CARDAMOM,27FEB2026,0.0,0.0,0.0,2405.0,2405.0,0,0.0,0
01 Oct 2025,CARDAMOM,27FEB2026,0.0,0.0,0.0,2405.0,2405.0,0,0.0,0
30 Jan 2026,CARDAMOM,30JAN2026,0.0,0.0,0.0,2529.0,2529.0,0,0.0,0
29 Jan 2026,CARDAMOM,30JAN2026,0.0,0.0,0.0,2529.0,2529.0,0,0.0,0
28 Jan 2026,CARDAMOM,30JAN2026,2570.0,2570.0,2448.0,2529.0,2550.0,14,35.5,4
27 Jan 2026,CARDAMOM,30JAN2026,2533.0,2601.0,2514.0,2550.0,2618.0,7,17.85,12
23 Jan 2026,CARDAMOM,30JAN2026,2645.0,2647.0,2600.0,2618.0,2644.0,16,42.04,18
22 Jan 2026,CARDAMOM,30JAN2026,2660.0,2665.0,2625.0,2644.0,2672.0,33,87.29,26
21 Jan 2026,CARDAMOM,30JAN2026,2651.0,2679.0,2651.0,2672.0,2664.0,19,50.68,41
20 Jan 2026,CARDAMOM,30JAN2026,2663.0,2678.0,2655.0,2664.0,2663.0,20,53.33,41
19 Jan 2026,CARDAMOM,30JAN2026,2660.0,2680.0,2650.0,2663.0,2677.0,11,29.29,44
16 Jan 2026,CARDAMOM,30JAN2026,2672.0,2700.0,2662.0,2677.0,2680.0,18,48.19,45
15 Jan 2026,CARDAMOM,30JAN2026,0.0,0.0,0.0,2680.0,2680.0,0,0.0,46
14 Jan 2026,CARDAMOM,30JAN2026,2674.0,2688.0,2674.0,2680.0,2685.0,17,45.55,46
13 Jan 2026,CARDAMOM,30JAN2026,2680.0,2690.0,2670.0,2685.0,2686.0,18,48.29,45
12 Jan 2026,CARDAMOM,30JAN2026,2685.0,2710.0,2680.0,2686.0,2701.0,21,56.45,45
09 Jan 2026,CARDAMOM,30JAN2026,2709.0,2710.0,2670.0,2701.0,2695.0,23,62.0,48
08 Jan 2026,CARDAMOM,30JAN2026,2690.0,2705.0,2660.0,2695.0,2672.0,26,69.83,46
07 Jan 2026,CARDAMOM,30JAN2026,2655.0,2685.0,2655.0,2672.0,2671.0,14,37.35,41
06 Jan 2026,CARDAMOM,30JAN2026,2660.0,2677.0,2660.0,2671.0,2678.0,12,32.04,41
05 Jan 2026,CARDAMOM,30JAN2026,2625.0,2695.0,2625.0,2678.0,2636.0,10,26.78,40
02 Jan 2026,CARDAMOM,30JAN2026,2625.0,2659.0,2625.0,2636.0,2641.0,15,39.5,36
01 Jan 2026,CARDAMOM,30JAN2026,2625.0,2650.0,2625.0,2641.0,2637.0,15,39.57,34
31 Dec 2025,CARDAMOM,30JAN2026,2635.0,2674.0,2630.0,2637.0,2623.0,25,66.09,32
30 Dec 2025,CARDAMOM,30JAN2026,2650.0,2650.0,2610.0,2623.0,2642.0,15,39.35,29
29 Dec 2025,CARDAMOM,30JAN2026,2640.0,2675.0,2620.0,2642.0,2651.0,16,42.39,21
26 Dec 2025,CARDAMOM,30JAN2026,2650.0,2660.0,2642.0,2651.0,2650.0,14,37.09,13
24 Dec 2025,CARDAMOM,30JAN2026,2650.0,2650.0,2650.0,2650.0,2658.0,2,5.3,9
23 Dec 2025,CARDAMOM,30JAN2026,0.0,0.0,0.0,2658.0,2658.0,0,0.0,7
22 Dec 2025,CARDAMOM,30JAN2026,2650.0,2675.0,2650.0,2658.0,2663.0,3,7.98,7
19 Dec 2025,CARDAMOM,30JAN2026,0.0,0.0,0.0,2663.0,2663.0,0,0.0,5
18 Dec 2025,CARDAMOM,30JAN2026,0.0,0.0,0.0,2663.0,2663.0,0,0.0,5
17 Dec 2025,CARDAMOM,30JAN2026,0.0,0.0,0.0,2663.0,2663.0,0,0.0,5
16 Dec 2025,CARDAMOM,30JAN2026,2650.0,2675.0,2650.0,2663.0,2620.0,2,5.33,5
15 Dec 2025,CARDAMOM,30JAN2026,0.0,0.0,0.0,2620.0,2620.0,0,0.0,3
12 Dec 2025,CARDAMOM,30JAN2026,0.0,0.0,0.0,2620.0,2620.0,0,0.0,3
11 Dec 2025,CARDAMOM,30JAN2026,0.0,0.0,0.0,2620.0,2620.0,0,0.0,3
10 Dec 2025,CARDAMOM,30JAN2026,2620.0,2620.0,2620.0,2620.0,2640.0,1,2.62,3
09 Dec 2025,CARDAMOM,30JAN2026,2640.0,2640.0,2640.0,2640.0,2632.0,1,2.64,3
08 Dec 2025,CARDAMOM,30JAN2026,0.0,0.0,0.0,2632.0,2632.0,0,0.0,3
05 Dec 2025,CARDAMOM,30JAN2026,0.0,0.0,0.0,2632.0,2632.0,0,0.0,3
04 Dec 2025,CARDAMOM,30JAN2026,0.0,0.0,0.0,2632.0,2632.0,0,0.0,3
03 Dec 2025,CARDAMOM,30JAN2026,0.0,0.0,0.0,2632.0,2632.0,0,0.0,3
02 Dec 2025,CARDAMOM,30JAN2026,0.0,0.0,0.0,2632.0,2632.0,0,0.0,3
01 Dec 2025,CARDAMOM,30JAN2026,0.0,0.0,0.0,2632.0,2632.0,0,0.0,3
28 Nov 2025,CARDAMOM,30JAN2026,0.0,0.0,0.0,2632.0,2632.0,0,0.0,3
27 Nov 2025,CARDAMOM,30JAN2026,0.0,0.0,0.0,2632.0,2632.0,0,0.0,3
26 Nov 2025,CARDAMOM,30JAN2026,0.0,0.0,0.0,2451.0,2451.0,0,0.0,3
25 Nov 2025,CARDAMOM,30JAN2026,0.0,0.0,0.0,2451.0,2451.0,0,0.0,3
24 Nov 2025,CARDAMOM,30JAN2026,0.0,0.0,0.0,2451.0,2451.0,0,0.0,3
21 Nov 2025,CARDAMOM,30JAN2026,0.0,0.0,0.0,2451.0,2451.0,0,0.0,3
20 Nov 2025,CARDAMOM,30JAN2026,0.0,0.0,0.0,2451.0,2451.0,0,0.0,3
19 Nov 2025,CARDAMOM,30JAN2026,2420.0,2580.0,2420.0,2451.0,2497.0,15,36.76,3
18 Nov 2025,CARDAMOM,30JAN2026,0.0,0.0,0.0,2497.0,2497.0,0,0.0,1
17 Nov 2025,CARDAMOM,30JAN2026,0.0,0.0,0.0,2725.0,2725.0,0,0.0,1
14 Nov 2025,CARDAMOM,30JAN2026,0.0,0.0,0.0,2725.0,2725.0,0,0.0,1
13 Nov 2025,CARDAMOM,30JAN2026,0.0,0.0,0.0,2725.0,2725.0,0,0.0,1
12 Nov 2025,CARDAMOM,30JAN2026,0.0,0.0,0.0,2725.0,2725.0,0,0.0,1
11 Nov 2025,CARDAMOM,30JAN2026,0.0,0.0,0.0,2725.0,2725.0,0,0.0,1
10 Nov 2025,CARDAMOM,30JAN2026,0.0,0.0,0.0,2725.0,2725.0,0,0.0,1
07 Nov 2025,CARDAMOM,30JAN2026,0.0,0.0,0.0,2725.0,2725.0,0,0.0,1
06 Nov 2025,CARDAMOM,30JAN2026,0.0,0.0,0.0,2725.0,2725.0,0,0.0,1
05 Nov 2025,CARDAMOM,30JAN2026,0.0,0.0,0.0,2725.0,2725.0,0,0.0,1
04 Nov 2025,CARDAMOM,30JAN2026,2725.0,2725.0,2725.0,2725.0,2792.0,1,2.73,1
03 Nov 2025,CARDAMOM,30JAN2026,0.0,0.0,0.0,2792.0,2792.0,0,0.0,1
31 Oct 2025,CARDAMOM,30JAN2026,2792.0,2792.0,2792.0,2792.0,2730.0,1,2.79,1
30 Oct 2025,CARDAMOM,30JAN2026,0.0,0.0,0.0,2730.0,2730.0,0,0.0,0
29 Oct 2025,CARDAMOM,30JAN2026,0.0,0.0,0.0,2405.0,2405.0,0,0.0,0
28 Oct 2025,CARDAMOM,30JAN2026,0.0,0.0,0.0,2405.0,2405.0,0,0.0,0
27 Oct 2025,CARDAMOM,30JAN2026,0.0,0.0,0.0,2405.0,2405.0,0,0.0,0
24 Oct 2025,CARDAMOM,30JAN2026,0.0,0.0,0.0,2405.0,2405.0,0,0.0,0
23 Oct 2025,CARDAMOM,30JAN2026,0.0,0.0,0.0,2405.0,2405.0,0,0.0,0
22 Oct 2025,CARDAMOM,30JAN2026,0.0,0.0,0.0,2405.0,2405.0,0,0.0,0
21 Oct 2025,CARDAMOM,30JAN2026,0.0,0.0,0.0,2405.0,2405.0,0,0.0,0
20 Oct 2025,CARDAMOM,30JAN2026,0.0,0.0,0.0,2405.0,2405.0,0,0.0,0
17 Oct 2025,CARDAMOM,30JAN2026,0.0,0.0,0.0,2405.0,2405.0,0,0.0,0
16 Oct 2025,CARDAMOM,30JAN2026,0.0,0.0,0.0,2405.0,2405.0,0,0.0,0
15 Oct 2025,CARDAMOM,30JAN2026,0.0,0.0,0.0,2405.0,2405.0,0,0.0,0
14 Oct 2025,CARDAMOM,30JAN2026,0.0,0.0,0.0,2405.0,2405.0,0,0.0,0
13 Oct 2025,CARDAMOM,30JAN2026,0.0,0.0,0.0,2405.0,2405.0,0,0.0,0
10 Oct 2025,CARDAMOM,30JAN2026,0.0,0.0,0.0,2405.0,2405.0,0,0.0,0
09 Oct 2025,CARDAMOM,30JAN2026,0.0,0.0,0.0,2405.0,2405.0,0,0.0,0
08 Oct 2025,CARDAMOM,30JAN2026,0.0,0.0,0.0,2405.0,2405.0,0,0.0,0
07 Oct 2025,CARDAMOM,30JAN2026,0.0,0.0,0.0,2405.0,2405.0,0,0.0,0
06 Oct 2025,CARDAMOM,30JAN2026,0.0,0.0,0.0,2405.0,2405.0,0,0.0,0
03 Oct 2025,CARDAMOM,30JAN2026,0.0,0.0,0.0,2405.0,2405.0,0,0.0,0
01 Oct 2025,CARDAMOM,30JAN2026,0.0,0.0,0.0,2405.0,2405.0,0,0.0,0
30 Sep 2025,CARDAMOM,30JAN2026,0.0,0.0,0.0,2405.0,2405.0,0,0.0,0
29 Sep 2025,CARDAMOM,30JAN2026,0.0,0.0,0.0,2405.0,2405.0,0,0.0,0
26 Sep 2025,CARDAMOM,30JAN2026,0.0,0.0,0.0,2405.0,2405.0,0,0.0,0
25 Sep 2025,CARDAMOM,30JAN2026,0.0,0.0,0.0,2405.0,2405.0,0,0.0,0
24 Sep 2025,CARDAMOM,30JAN2026,0.0,0.0,0.0,2405.0,2405.0,0,0.0,0
23 Sep 2025,CARDAMOM,30JAN2026,0.0,0.0,0.0,2405.0,2405.0,0,0.0,0
22 Sep 2025,CARDAMOM,30JAN2026,0.0,0.0,0.0,2405.0,2405.0,0,0.0,0
19 Sep 2025,CARDAMOM,30JAN2026,0.0,0.0,0.0,2405.0,2405.0,0,0.0,0
18 Sep 2025,CARDAMOM,30JAN2026,0.0,0.0,0.0,2405.0,2405.0,0,0.0,0
17 Sep 2025,CARDAMOM,30JAN2026,0.0,0.0,0.0,2405.0,2405.0,0,0.0,0
16 Sep 2025,CARDAMOM,30JAN2026,0.0,0.0,0.0,2405.0,2405.0,0,0.0,0
15 Sep 2025,CARDAMOM,30JAN2026,0.0,0.0,0.0,2405.0,2405.0,0,0.0,0
12 Sep 2025,CARDAMOM,30JAN2026,0.0,0.0,0.0,2405.0,2405.0,0,0.0,0
11 Sep 2025,CARDAMOM,30JAN2026,0.0,0.0,0.0,2405.0,2405.0,0,0.0,0
10 Sep 2025,CARDAMOM,30JAN2026,0.0,0.0,0.0,2405.0,2405.0,0,0.0,0
09 Sep 2025,CARDAMOM,30JAN2026,0.0,0.0,0.0,2405.0,2405.0,0,0.0,0
08 Sep 2025,CARDAMOM,30JAN2026,0.0,0.0,0.0,2405.0,2405.0,0,0.0,0
05 Sep 2025,CARDAMOM,30JAN2026,0.0,0.0,0.0,2405.0,2405.0,0,0.0,0
04 Sep 2025,CARDAMOM,30JAN2026,0.0,0.0,0.0,2405.0,2405.0,0,0.0,0
03 Sep 2025,CARDAMOM,30JAN2026,0.0,0.0,0.0,2405.0,2405.0,0,0.0,0
02 Sep 2025,CARDAMOM,30JAN2026,0.0,0.0,0.0,2405.0,2405.0,0,0.0,0
01 Sep 2025,CARDAMOM,30JAN2026,0.0,0.0,0.0,2405.0,2405.0,0,0.0,0
31 Dec 2025,CARDAMOM,31DEC2025,0.0,0.0,0.0,2578.0,2578.0,0,0.0,6
30 Dec 2025,CARDAMOM,31DEC2025,2506.0,2650.0,2506.0,2578.0,2610.0,2,5.16,6
29 Dec 2025,CARDAMOM,31DEC2025,2525.0,2663.0,2524.0,2610.0,2629.0,10,26.1,17
26 Dec 2025,CARDAMOM,31DEC2025,2651.0,2700.0,2582.0,2629.0,2689.0,17,45.11,25
24 Dec 2025,CARDAMOM,31DEC2025,2698.0,2714.0,2675.0,2689.0,2698.0,20,53.73,40
23 Dec 2025,CARDAMOM,31DEC2025,2698.0,2702.0,2695.0,2698.0,2690.0,8,21.59,42
22 Dec 2025,CARDAMOM,31DEC2025,2689.0,2700.0,2658.0,2690.0,2653.0,16,42.9,42
19 Dec 2025,CARDAMOM,31DEC2025,2675.0,2675.0,2646.0,2653.0,2663.0,22,58.37,41
18 Dec 2025,CARDAMOM,31DEC2025,2665.0,2679.0,2652.0,2663.0,2656.0,13,34.6,41
17 Dec 2025,CARDAMOM,31DEC2025,2670.0,2671.0,2650.0,2656.0,2670.0,31,82.5,43
16 Dec 2025,CARDAMOM,31DEC2025,2650.0,2685.0,2646.0,2670.0,2649.0,21,55.85,42
15 Dec 2025,CARDAMOM,31DEC2025,2690.0,2690.0,2633.0,2649.0,2657.0,26,68.97,38
12 Dec 2025,CARDAMOM,31DEC2025,2620.0,2664.0,2620.0,2657.0,2651.0,19,50.43,40
11 Dec 2025,CARDAMOM,31DEC2025,2600.0,2660.0,2600.0,2651.0,2643.0,32,84.66,41
10 Dec 2025,CARDAMOM,31DEC2025,2600.0,2659.0,2600.0,2643.0,2636.0,19,50.05,38
09 Dec 2025,CARDAMOM,31DEC2025,2580.0,2655.0,2580.0,2636.0,2636.0,19,49.72,40
08 Dec 2025,CARDAMOM,31DEC2025,2601.0,2670.0,2601.0,2636.0,2620.0,29,76.34,38
05 Dec 2025,CARDAMOM,31DEC2025,2696.0,2697.0,2610.0,2620.0,2700.0,29,77.06,39
04 Dec 2025,CARDAMOM,31DEC2025,2692.0,2710.0,2692.0,2700.0,2706.0,30,81.03,38
03 Dec 2025,CARDAMOM,31DEC2025,2702.0,2719.0,2699.0,2706.0,2713.0,28,75.86,38
02 Dec 2025,CARDAMOM,31DEC2025,2701.0,2725.0,2692.0,2713.0,2715.0,25,67.84,36
01 Dec 2025,CARDAMOM,31DEC2025,2635.0,2740.0,2635.0,2715.0,2682.0,40,108.62,33
28 Nov 2025,CARDAMOM,31DEC2025,2685.0,2690.0,2651.0,2682.0,2671.0,30,80.1,37
27 Nov 2025,CARDAMOM,31DEC2025,2630.0,2672.0,2605.0,2671.0,2633.0,23,61.22,43
26 Nov 2025,CARDAMOM,31DEC2025,2623.0,2654.0,2623.0,2633.0,2649.0,10,26.33,46
25 Nov 2025,CARDAMOM,31DEC2025,2645.0,2655.0,2645.0,2649.0,2659.0,7,18.54,41
24 Nov 2025,CARDAMOM,31DEC2025,2680.0,2681.0,2645.0,2659.0,2740.0,17,45.3,38
21 Nov 2025,CARDAMOM,31DEC2025,2737.0,2755.0,2710.0,2740.0,2679.0,24,65.91,35
20 Nov 2025,CARDAMOM,31DEC2025,2602.0,2700.0,2602.0,2679.0,2602.0,11,29.39,21
19 Nov 2025,CARDAMOM,31DEC2025,2451.0,2618.0,2388.0,2602.0,2487.0,35,86.93,22
18 Nov 2025,CARDAMOM,31DEC2025,2500.0,2500.0,2475.0,2487.0,2497.0,3,7.46,13
17 Nov 2025,CARDAMOM,31DEC2025,2493.0,2500.0,2493.0,2497.0,2487.0,2,4.99,11
14 Nov 2025,CARDAMOM,31DEC2025,2490.0,2490.0,2484.0,2487.0,2589.0,3,7.46,11
13 Nov 2025,CARDAMOM,31DEC2025,0.0,0.0,0.0,2589.0,2589.0,0,0.0,9
12 Nov 2025,CARDAMOM,31DEC2025,0.0,0.0,0.0,2589.0,2589.0,0,0.0,9
11 Nov 2025,CARDAMOM,31DEC2025,2625.0,2625.0,2572.0,2589.0,2688.0,5,12.95,9
10 Nov 2025,CARDAMOM,31DEC2025,2695.0,2695.0,2685.0,2688.0,2707.0,3,8.07,5
07 Nov 2025,CARDAMOM,31DEC2025,2700.0,2715.0,2700.0,2707.0,2710.0,3,8.12,5
06 Nov 2025,CARDAMOM,31DEC2025,2710.0,2710.0,2710.0,2710.0,2738.0,2,5.42,4
05 Nov 2025,CARDAMOM,31DEC2025,0.0,0.0,0.0,2738.0,2738.0,0,0.0,3
04 Nov 2025,CARDAMOM,31DEC2025,2785.0,2785.0,2710.0,2738.0,2781.0,3,8.22,3
03 Nov 2025,CARDAMOM,31DEC2025,0.0,0.0,0.0,2781.0,2781.0,0,0.0,1
31 Oct 2025,CARDAMOM,31DEC2025,2782.0,2782.0,2780.0,2781.0,2730.0,2,5.56,1
30 Oct 2025,CARDAMOM,31DEC2025,0.0,0.0,0.0,2730.0,2730.0,0,0.0,0
29 Oct 2025,CARDAMOM,31DEC2025,0.0,0.0,0.0,2410.0,2410.0,0,0.0,0
28 Oct 2025,CARDAMOM,31DEC2025,0.0,0.0,0.0,2410.0,2410.0,0,0.0,0
27 Oct 2025,CARDAMOM,31DEC2025,0.0,0.0,0.0,2410.0,2410.0,0,0.0,0
24 Oct 2025,CARDAMOM,31DEC2025,0.0,0.0,0.0,2410.0,2410.0,0,0.0,0
23 Oct 2025,CARDAMOM,31DEC2025,0.0,0.0,0.0,2410.0,2410.0,0,0.0,0
22 Oct 2025,CARDAMOM,31DEC2025,0.0,0.0,0.0,2410.0,2410.0,0,0.0,0
21 Oct 2025,CARDAMOM,31DEC2025,0.0,0.0,0.0,2410.0,2410.0,0,0.0,0
20 Oct 2025,CARDAMOM,31DEC2025,0.0,0.0,0.0,2410.0,2410.0,0,0.0,0
17 Oct 2025,CARDAMOM,31DEC2025,0.0,0.0,0.0,2410.0,2410.0,0,0.0,0
16 Oct 2025,CARDAMOM,31DEC2025,0.0,0.0,0.0,2410.0,2410.0,0,0.0,0
15 Oct 2025,CARDAMOM,31DEC2025,0.0,0.0,0.0,2410.0,2410.0,0,0.0,0
14 Oct 2025,CARDAMOM,31DEC2025,0.0,0.0,0.0,2410.0,2410.0,0,0.0,0
13 Oct 2025,CARDAMOM,31DEC2025,0.0,0.0,0.0,2410.0,2410.0,0,0.0,0
10 Oct 2025,CARDAMOM,31DEC2025,0.0,0.0,0.0,2410.0,2410.0,0,0.0,0
09 Oct 2025,CARDAMOM,31DEC2025,0.0,0.0,0.0,2410.0,2410.0,0,0.0,0
08 Oct 2025,CARDAMOM,31DEC2025,0.0,0.0,0.0,2410.0,2410.0,0,0.0,0
07 Oct 2025,CARDAMOM,31DEC2025,0.0,0.0,0.0,2410.0,2410.0,0,0.0,0
06 Oct 2025,CARDAMOM,31DEC2025,0.0,0.0,0.0,2410.0,2410.0,0,0.0,0
03 Oct 2025,CARDAMOM,31DEC2025,0.0,0.0,0.0,2410.0,2410.0,0,0.0,0
01 Oct 2025,CARDAMOM,31DEC2025,0.0,0.0,0.0,2410.0,2410.0,0,0.0,0
30 Sep 2025,CARDAMOM,31DEC2025,0.0,0.0,0.0,2410.0,2410.0,0,0.0,0
29 Sep 2025,CARDAMOM,31DEC2025,0.0,0.0,0.0,2410.0,2410.0,0,0.0,0
26 Sep 2025,CARDAMOM,31DEC2025,0.0,0.0,0.0,2410.0,2410.0,0,0.0,0
25 Sep 2025,CARDAMOM,31DEC2025,0.0,0.0,0.0,2410.0,2410.0,0,0.0,0
24 Sep 2025,CARDAMOM,31DEC2025,0.0,0.0,0.0,2410.0,2410.0,0,0.0,0
23 Sep 2025,CARDAMOM,31DEC2025,0.0,0.0,0.0,2410.0,2410.0,0,0.0,0
22 Sep 2025,CARDAMOM,31DEC2025,0.0,0.0,0.0,2410.0,2410.0,0,0.0,0
19 Sep 2025,CARDAMOM,31DEC2025,0.0,0.0,0.0,2410.0,2410.0,0,0.0,0
18 Sep 2025,CARDAMOM,31DEC2025,0.0,0.0,0.0,2410.0,2410.0,0,0.0,0
17 Sep 2025,CARDAMOM,31DEC2025,0.0,0.0,0.0,2410.0,2410.0,0,0.0,0
16 Sep 2025,CARDAMOM,31DEC2025,0.0,0.0,0.0,2410.0,2410.0,0,0.0,0
15 Sep 2025,CARDAMOM,31DEC2025,0.0,0.0,0.0,2410.0,2410.0,0,0.0,0
12 Sep 2025,CARDAMOM,31DEC2025,0.0,0.0,0.0,2410.0,2410.0,0,0.0,0
11 Sep 2025,CARDAMOM,31DEC2025,0.0,0.0,0.0,2410.0,2410.0,0,0.0,0
10 Sep 2025,CARDAMOM,31DEC2025,0.0,0.0,0.0,2410.0,2410.0,0,0.0,0
09 Sep 2025,CARDAMOM,31DEC2025,0.0,0.0,0.0,2410.0,2410.0,0,0.0,0
08 Sep 2025,CARDAMOM,31DEC2025,0.0,0.0,0.0,2410.0,2410.0,0,0.0,0
05 Sep 2025,CARDAMOM,31DEC2025,0.0,0.0,0.0,2410.0,2410.0,0,0.0,0
04 Sep 2025,CARDAMOM,31DEC2025,0.0,0.0,0.0,2410.0,2410.0,0,0.0,0
03 Sep 2025,CARDAMOM,31DEC2025,0.0,0.0,0.0,2410.0,2410.0,0,0.0,0
02 Sep 2025,CARDAMOM,31DEC2025,0.0,0.0,0.0,2410.0,2410.0,0,0.0,0
01 Sep 2025,CARDAMOM,31DEC2025,0.0,0.0,0.0,2410.0,2410.0,0,0.0,0
29 Aug 2025,CARDAMOM,31DEC2025,0.0,0.0,0.0,2575.0,2575.0,0,0.0,0
28 Aug 2025,CARDAMOM,31DEC2025,0.0,0.0,0.0,2575.0,2575.0,0,0.0,0
27 Aug 2025,CARDAMOM,31DEC2025,0.0,0.0,0.0,2575.0,2575.0,0,0.0,0
26 Aug 2025,CARDAMOM,31DEC2025,0.0,0.0,0.0,2575.0,2575.0,0,0.0,0
25 Aug 2025,CARDAMOM,31DEC2025,0.0,0.0,0.0,2575.0,2575.0,0,0.0,0
22 Aug 2025,CARDAMOM,31DEC2025,0.0,0.0,0.0,2575.0,2575.0,0,0.0,0
21 Aug 2025,CARDAMOM,31DEC2025,0.0,0.0,0.0,2575.0,2575.0,0,0.0,0
20 Aug 2025,CARDAMOM,31DEC2025,0.0,0.0,0.0,2575.0,2575.0,0,0.0,0
19 Aug 2025,CARDAMOM,31DEC2025,0.0,0.0,0.0,2575.0,2575.0,0,0.0,0
18 Aug 2025,CARDAMOM,31DEC2025,0.0,0.0,0.0,2575.0,2575.0,0,0.0,0
14 Aug 2025,CARDAMOM,31DEC2025,0.0,0.0,0.0,3000.0,3000.0,0,0.0,0
13 Aug 2025,CARDAMOM,31DEC2025,0.0,0.0,0.0,3000.0,3000.0,0,0.0,0
12 Aug 2025,CARDAMOM,31DEC2025,0.0,0.0,0.0,3000.0,3000.0,0,0.0,0
11 Aug 2025,CARDAMOM,31DEC2025,0.0,0.0,0.0,3000.0,3000.0,0,0.0,0
08 Aug 2025,CARDAMOM,31DEC2025,0.0,0.0,0.0,3000.0,3000.0,0,0.0,0
07 Aug 2025,CARDAMOM,31DEC2025,0.0,0.0,0.0,3000.0,3000.0,0,0.0,0
06 Aug 2025,CARDAMOM,31DEC2025,0.0,0.0,0.0,3000.0,3000.0,0,0.0,0
05 Aug 2025,CARDAMOM,31DEC2025,0.0,0.0,0.0,3000.0,3000.0,0,0.0,0
04 Aug 2025,CARDAMOM,31DEC2025,0.0,0.0,0.0,3000.0,3000.0,0,0.0,0
01 Aug 2025,CARDAMOM,31DEC2025,0.0,0.0,0.0,3000.0,3000.0,0,0.0,0
28 Nov 2025,CARDAMOM,28NOV2025,0.0,0.0,0.0,2604.0,2604.0,0,0.0,54
27 Nov 2025,CARDAMOM,28NOV2025,0.0,0.0,0.0,2604.0,2604.0,0,0.0,54
26 Nov 2025,CARDAMOM,28NOV2025,2610.0,2625.0,2590.0,2604.0,2612.0,25,65.11,54
25 Nov 2025,CARDAMOM,28NOV2025,2585.0,2629.0,2585.0,2612.0,2619.0,17,44.41,65
24 Nov 2025,CARDAMOM,28NOV2025,2628.0,2648.0,2596.0,2619.0,2688.0,23,60.5,75
21 Nov 2025,CARDAMOM,28NOV2025,2573.0,2735.0,2573.0,2688.0,2641.0,15,40.32,82
20 Nov 2025,CARDAMOM,28NOV2025,2578.0,2670.0,2570.0,2641.0,2578.0,206,546.84,78
19 Nov 2025,CARDAMOM,28NOV2025,2431.0,2592.0,2300.0,2578.0,2446.0,203,495.58,274
18 Nov 2025,CARDAMOM,28NOV2025,2455.0,2485.0,2401.0,2446.0,2451.0,50,122.61,265
17 Nov 2025,CARDAMOM,28NOV2025,2420.0,2481.0,2401.0,2451.0,2461.0,71,173.17,237
14 Nov 2025,CARDAMOM,28NOV2025,2435.0,2500.0,2384.0,2461.0,2536.0,77,187.4,199
13 Nov 2025,CARDAMOM,28NOV2025,2480.0,2560.0,2480.0,2536.0,2520.0,37,93.64,160
12 Nov 2025,CARDAMOM,28NOV2025,2440.0,2541.0,2440.0,2520.0,2541.0,32,80.41,150
11 Nov 2025,CARDAMOM,28NOV2025,2548.0,2600.0,2495.0,2541.0,2654.0,54,137.15,135
10 Nov 2025,CARDAMOM,28NOV2025,2650.0,2685.0,2630.0,2654.0,2699.0,37,98.56,109
07 Nov 2025,CARDAMOM,28NOV2025,2670.0,2719.0,2670.0,2699.0,2689.0,30,80.88,98
06 Nov 2025,CARDAMOM,28NOV2025,2587.0,2713.0,2587.0,2689.0,2694.0,46,123.02,102
05 Nov 2025,CARDAMOM,28NOV2025,0.0,0.0,0.0,2694.0,2694.0,0,0.0,94
04 Nov 2025,CARDAMOM,28NOV2025,2700.0,2705.0,2680.0,2694.0,2717.0,38,102.29,94
03 Nov 2025,CARDAMOM,28NOV2025,2740.0,2750.0,2650.0,2717.0,2760.0,37,100.77,93
31 Oct 2025,CARDAMOM,28NOV2025,2732.0,2780.0,2732.0,2760.0,2754.0,10,27.6,99
30 Oct 2025,CARDAMOM,28NOV2025,2710.0,2760.0,2710.0,2754.0,2737.0,54,148.03,99
29 Oct 2025,CARDAMOM,28NOV2025,2700.0,2750.0,2690.0,2737.0,2714.0,44,120.34,95
28 Oct 2025,CARDAMOM,28NOV2025,2640.0,2740.0,2640.0,2714.0,2740.0,12,32.49,76
27 Oct 2025,CARDAMOM,28NOV2025,2701.0,2789.0,2701.0,2740.0,2689.0,29,79.43,79
24 Oct 2025,CARDAMOM,28NOV2025,2650.0,2740.0,2639.0,2689.0,2708.0,17,45.43,68
23 Oct 2025,CARDAMOM,28NOV2025,2768.0,2801.0,2706.0,2708.0,2878.0,34,92.82,61
22 Oct 2025,CARDAMOM,28NOV2025,0.0,0.0,0.0,2878.0,2878.0,0,0.0,53
21 Oct 2025,CARDAMOM,28NOV2025,2881.0,2881.0,2856.0,2878.0,2771.0,20,57.59,53
20 Oct 2025,CARDAMOM,28NOV2025,2650.0,2776.0,2650.0,2771.0,2619.0,31,85.25,58
17 Oct 2025,CARDAMOM,28NOV2025,2622.0,2633.0,2615.0,2619.0,2622.0,30,78.67,59
16 Oct 2025,CARDAMOM,28NOV2025,2625.0,2625.0,2621.0,2622.0,2618.0,11,28.84,78
15 Oct 2025,CARDAMOM,28NOV2025,2615.0,2625.0,2610.0,2618.0,2615.0,17,44.49,77
14 Oct 2025,CARDAMOM,28NOV2025,2560.0,2648.0,2560.0,2615.0,2664.0,7,18.31,81
13 Oct 2025,CARDAMOM,28NOV2025,2624.0,2675.0,2600.0,2664.0,2524.0,17,45.09,79
10 Oct 2025,CARDAMOM,28NOV2025,2510.0,2550.0,2510.0,2524.0,2510.0,8,20.19,90
09 Oct 2025,CARDAMOM,28NOV2025,2503.0,2531.0,2503.0,2510.0,2507.0,9,22.59,94
08 Oct 2025,CARDAMOM,28NOV2025,2480.0,2520.0,2480.0,2507.0,2480.0,11,27.55,93
07 Oct 2025,CARDAMOM,28NOV2025,2475.0,2509.0,2467.0,2480.0,2483.0,15,37.22,94
06 Oct 2025,CARDAMOM,28NOV2025,2485.0,2499.0,2475.0,2483.0,2517.0,6,14.9,95
03 Oct 2025,CARDAMOM,28NOV2025,2478.0,2530.0,2478.0,2517.0,2478.0,22,55.0,95
01 Oct 2025,CARDAMOM,28NOV2025,2421.0,2500.0,2420.0,2478.0,2476.0,11,27.2,100
30 Sep 2025,CARDAMOM,28NOV2025,2489.0,2489.0,2470.0,2476.0,2400.0,4,9.9,100
29 Sep 2025,CARDAMOM,28NOV2025,2400.0,2400.0,2400.0,2400.0,2409.0,1,2.4,99
26 Sep 2025,CARDAMOM,28NOV2025,2400.0,2425.0,2400.0,2409.0,2400.0,8,19.27,98
25 Sep 2025,CARDAMOM,28NOV2025,2400.0,2400.0,2400.0,2400.0,2413.0,1,2.4,91
24 Sep 2025,CARDAMOM,28NOV2025,2400.0,2429.0,2400.0,2413.0,2427.0,9,21.72,90
23 Sep 2025,CARDAMOM,28NOV2025,2430.0,2430.0,2425.0,2427.0,2458.0,3,7.28,85
22 Sep 2025,CARDAMOM,28NOV2025,2470.0,2470.0,2445.0,2458.0,2475.0,8,19.66,83
19 Sep 2025,CARDAMOM,28NOV2025,2500.0,2500.0,2460.0,2475.0,2456.0,8,19.8,81
18 Sep 2025,CARDAMOM,28NOV2025,2449.0,2470.0,2449.0,2456.0,2443.0,9,22.11,76
17 Sep 2025,CARDAMOM,28NOV2025,2450.0,2450.0,2439.0,2443.0,2447.0,3,7.33,70
16 Sep 2025,CARDAMOM,28NOV2025,2438.0,2460.0,2438.0,2447.0,2450.0,10,24.47,67
15 Sep 2025,CARDAMOM,28NOV2025,2445.0,2458.0,2445.0,2450.0,2411.0,5,12.25,58
12 Sep 2025,CARDAMOM,28NOV2025,2400.0,2439.0,2400.0,2411.0,2468.0,10,24.11,55
11 Sep 2025,CARDAMOM,28NOV2025,2457.0,2479.0,2457.0,2468.0,2559.0,2,4.94,48
10 Sep 2025,CARDAMOM,28NOV2025,2635.0,2635.0,2526.0,2559.0,2615.0,7,17.91,47
09 Sep 2025,CARDAMOM,28NOV2025,2629.0,2629.0,2600.0,2615.0,2568.0,2,5.23,50
08 Sep 2025,CARDAMOM,28NOV2025,2568.0,2568.0,2568.0,2568.0,2471.0,1,2.57,48
05 Sep 2025,CARDAMOM,28NOV2025,2471.0,2471.0,2470.0,2471.0,2500.0,2,4.94,47
04 Sep 2025,CARDAMOM,28NOV2025,2500.0,2500.0,2500.0,2500.0,2441.0,1,2.5,48
03 Sep 2025,CARDAMOM,28NOV2025,2419.0,2493.0,2410.0,2441.0,2398.0,6,14.64,48
02 Sep 2025,CARDAMOM,28NOV2025,2410.0,2439.0,2371.0,2398.0,2346.0,4,9.59,46
01 Sep 2025,CARDAMOM,28NOV2025,2305.0,2369.0,2304.0,2346.0,2400.0,9,21.11,44
29 Aug 2025,CARDAMOM,28NOV2025,2400.0,2400.0,2400.0,2400.0,2376.0,1,2.4,39
28 Aug 2025,CARDAMOM,28NOV2025,2375.0,2400.0,2370.0,2376.0,2473.0,10,23.76,38
27 Aug 2025,CARDAMOM,28NOV2025,0.0,0.0,0.0,2473.0,2473.0,0,0.0,29
26 Aug 2025,CARDAMOM,28NOV2025,2499.0,2500.0,2410.0,2473.0,2403.0,13,32.15,29
25 Aug 2025,CARDAMOM,28NOV2025,2390.0,2420.0,2390.0,2403.0,2397.0,4,9.61,20
22 Aug 2025,CARDAMOM,28NOV2025,2392.0,2400.0,2378.0,2397.0,2491.0,10,23.97,16
21 Aug 2025,CARDAMOM,28NOV2025,2472.0,2500.0,2472.0,2491.0,2575.0,6,14.94,6
20 Aug 2025,CARDAMOM,28NOV2025,0.0,0.0,0.0,2575.0,2575.0,0,0.0,0
19 Aug 2025,CARDAMOM,28NOV2025,0.0,0.0,0.0,2575.0,2575.0,0,0.0,0
18 Aug 2025,CARDAMOM,28NOV2025,0.0,0.0,0.0,2575.0,2575.0,0,0.0,0
14 Aug 2025,CARDAMOM,28NOV2025,0.0,0.0,0.0,2950.0,2950.0,0,0.0,0
13 Aug 2025,CARDAMOM,28NOV2025,0.0,0.0,0.0,2950.0,2950.0,0,0.0,0
12 Aug 2025,CARDAMOM,28NOV2025,0.0,0.0,0.0,2950.0,2950.0,0,0.0,0
11 Aug 2025,CARDAMOM,28NOV2025,0.0,0.0,0.0,2950.0,2950.0,0,0.0,0
08 Aug 2025,CARDAMOM,28NOV2025,0.0,0.0,0.0,2950.0,2950.0,0,0.0,0
07 Aug 2025,CARDAMOM,28NOV2025,0.0,0.0,0.0,2950.0,2950.0,0,0.0,0
06 Aug 2025,CARDAMOM,28NOV2025,0.0,0.0,0.0,2950.0,2950.0,0,0.0,0
05 Aug 2025,CARDAMOM,28NOV2025,0.0,0.0,0.0,2950.0,2950.0,0,0.0,0
04 Aug 2025,CARDAMOM,28NOV2025,0.0,0.0,0.0,2950.0,2950.0,0,0.0,0
01 Aug 2025,CARDAMOM,28NOV2025,0.0,0.0,0.0,2950.0,2950.0,0,0.0,0
31 Jul 2025,CARDAMOM,28NOV2025,0.0,0.0,0.0,2950.0,2950.0,0,0.0,0
30 Jul 2025,CARDAMOM,28NOV2025,0.0,0.0,0.0,2950.0,2950.0,0,0.0,0
29 Jul 2025,CARDAMOM,28NOV2025,0.0,0.0,0.0,2950.0,2950.0,0,0.0,0
31 Oct 2025,CARDAMOM,31OCT2025,2780.0,2780.0,2780.0,2780.0,2724.0,1,2.78,6
30 Oct 2025,CARDAMOM,31OCT2025,2720.0,2730.0,2720.0,2724.0,2707.0,11,29.96,7
29 Oct 2025,CARDAMOM,31OCT2025,2700.0,2735.0,2680.0,2707.0,2689.0,23,62.21,18
28 Oct 2025,CARDAMOM,31OCT2025,2607.0,2710.0,2607.0,2689.0,2715.0,8,21.51,39
27 Oct 2025,CARDAMOM,31OCT2025,2681.0,2750.0,2631.0,2715.0,2684.0,22,59.36,44
24 Oct 2025,CARDAMOM,31OCT2025,2680.0,2789.0,2621.0,2684.0,2780.0,14,37.55,44
23 Oct 2025,CARDAMOM,31OCT2025,2900.0,2900.0,2726.0,2780.0,2900.0,16,45.19,50
22 Oct 2025,CARDAMOM,31OCT2025,0.0,0.0,0.0,2900.0,2900.0,0,0.0,62
21 Oct 2025,CARDAMOM,31OCT2025,2845.0,2900.0,2845.0,2900.0,2736.0,18,52.14,62
20 Oct 2025,CARDAMOM,31OCT2025,2486.0,2743.0,2486.0,2736.0,2588.0,23,61.09,71
17 Oct 2025,CARDAMOM,31OCT2025,2505.0,2629.0,2505.0,2588.0,2609.0,9,23.29,73
16 Oct 2025,CARDAMOM,31OCT2025,2600.0,2620.0,2582.0,2609.0,2618.0,13,33.87,76
15 Oct 2025,CARDAMOM,31OCT2025,2610.0,2625.0,2610.0,2618.0,2666.0,7,18.32,74
14 Oct 2025,CARDAMOM,31OCT2025,2554.0,2763.0,2554.0,2666.0,2659.0,13,34.32,77
13 Oct 2025,CARDAMOM,31OCT2025,2540.0,2674.0,2540.0,2659.0,2524.0,25,65.71,83
10 Oct 2025,CARDAMOM,31OCT2025,2510.0,2535.0,2510.0,2524.0,2526.0,4,10.09,90
09 Oct 2025,CARDAMOM,31OCT2025,2500.0,2562.0,2500.0,2526.0,2544.0,7,17.68,91
08 Oct 2025,CARDAMOM,31OCT2025,2525.0,2555.0,2500.0,2544.0,2510.0,20,50.71,92
07 Oct 2025,CARDAMOM,31OCT2025,2420.0,2520.0,2420.0,2510.0,2503.0,25,62.48,99
06 Oct 2025,CARDAMOM,31OCT2025,2470.0,2520.0,2470.0,2503.0,2546.0,42,104.69,113
03 Oct 2025,CARDAMOM,31OCT2025,2522.0,2560.0,2522.0,2546.0,2535.0,19,48.22,119
01 Oct 2025,CARDAMOM,31OCT2025,2442.0,2554.0,2442.0,2535.0,2492.0,66,166.56,118
30 Sep 2025,CARDAMOM,31OCT2025,2540.0,2540.0,2462.0,2492.0,2462.0,32,79.88,155
29 Sep 2025,CARDAMOM,31OCT2025,2400.0,2468.0,2400.0,2462.0,2439.0,26,63.43,152
26 Sep 2025,CARDAMOM,31OCT2025,2440.0,2450.0,2429.0,2439.0,2446.0,22,53.69,147
25 Sep 2025,CARDAMOM,31OCT2025,2424.0,2462.0,2424.0,2446.0,2451.0,24,58.57,137
24 Sep 2025,CARDAMOM,31OCT2025,2451.0,2460.0,2424.0,2451.0,2451.0,38,92.81,133
23 Sep 2025,CARDAMOM,31OCT2025,2470.0,2500.0,2443.0,2451.0,2481.0,41,101.04,112
22 Sep 2025,CARDAMOM,31OCT2025,2500.0,2500.0,2470.0,2481.0,2519.0,14,34.75,98
19 Sep 2025,CARDAMOM,31OCT2025,2490.0,2530.0,2457.0,2519.0,2468.0,31,77.72,88
18 Sep 2025,CARDAMOM,31OCT2025,2420.0,2534.0,2420.0,2468.0,2442.0,32,78.97,96
17 Sep 2025,CARDAMOM,31OCT2025,2450.0,2450.0,2430.0,2442.0,2462.0,12,29.32,81
16 Sep 2025,CARDAMOM,31OCT2025,2445.0,2489.0,2440.0,2462.0,2445.0,25,61.3,71
15 Sep 2025,CARDAMOM,31OCT2025,2467.0,2467.0,2440.0,2445.0,2440.0,6,14.67,62
12 Sep 2025,CARDAMOM,31OCT2025,2432.0,2479.0,2418.0,2440.0,2481.0,6,14.64,56
11 Sep 2025,CARDAMOM,31OCT2025,2483.0,2483.0,2480.0,2481.0,2540.0,5,12.41,52
10 Sep 2025,CARDAMOM,31OCT2025,2540.0,2540.0,2540.0,2540.0,2567.0,1,2.54,50
09 Sep 2025,CARDAMOM,31OCT2025,0.0,0.0,0.0,2567.0,2567.0,0,0.0,50
08 Sep 2025,CARDAMOM,31OCT2025,2567.0,2567.0,2567.0,2567.0,2469.0,1,2.57,50
05 Sep 2025,CARDAMOM,31OCT2025,2466.0,2480.0,2465.0,2469.0,2525.0,4,9.88,50
04 Sep 2025,CARDAMOM,31OCT2025,2525.0,2525.0,2525.0,2525.0,2484.0,1,2.53,54
03 Sep 2025,CARDAMOM,31OCT2025,2425.0,2520.0,2424.0,2484.0,2426.0,18,44.26,54
02 Sep 2025,CARDAMOM,31OCT2025,2447.0,2447.0,2405.0,2426.0,2374.0,2,4.85,46
01 Sep 2025,CARDAMOM,31OCT2025,2380.0,2380.0,2308.0,2374.0,2387.0,29,68.39,45
29 Aug 2025,CARDAMOM,31OCT2025,2400.0,2400.0,2380.0,2387.0,2425.0,3,7.16,20
28 Aug 2025,CARDAMOM,31OCT2025,2425.0,2450.0,2390.0,2425.0,2526.0,14,34.0,17
27 Aug 2025,CARDAMOM,31OCT2025,0.0,0.0,0.0,2526.0,2526.0,0,0.0,8
26 Aug 2025,CARDAMOM,31OCT2025,2521.0,2530.0,2520.0,2526.0,2615.0,5,12.63,8
25 Aug 2025,CARDAMOM,31OCT2025,0.0,0.0,0.0,2826.0,2826.0,0,0.0,4
22 Aug 2025,CARDAMOM,31OCT2025,0.0,0.0,0.0,2826.0,2826.0,0,0.0,4
21 Aug 2025,CARDAMOM,31OCT2025,0.0,0.0,0.0,2826.0,2826.0,0,0.0,4
20 Aug 2025,CARDAMOM,31OCT2025,0.0,0.0,0.0,2826.0,2826.0,0,0.0,4
19 Aug 2025,CARDAMOM,31OCT2025,0.0,0.0,0.0,2826.0,2826.0,0,0.0,4
18 Aug 2025,CARDAMOM,31OCT2025,0.0,0.0,0.0,2826.0,2826.0,0,0.0,4
14 Aug 2025,CARDAMOM,31OCT2025,0.0,0.0,0.0,2826.0,2826.0,0,0.0,4
13 Aug 2025,CARDAMOM,31OCT2025,0.0,0.0,0.0,2826.0,2826.0,0,0.0,4
12 Aug 2025,CARDAMOM,31OCT2025,0.0,0.0,0.0,2826.0,2826.0,0,0.0,4
11 Aug 2025,CARDAMOM,31OCT2025,0.0,0.0,0.0,2826.0,2826.0,0,0.0,4
08 Aug 2025,CARDAMOM,31OCT2025,0.0,0.0,0.0,2826.0,2826.0,0,0.0,4
07 Aug 2025,CARDAMOM,31OCT2025,0.0,0.0,0.0,2826.0,2826.0,0,0.0,4
06 Aug 2025,CARDAMOM,31OCT2025,0.0,0.0,0.0,2826.0,2826.0,0,0.0,4
05 Aug 2025,CARDAMOM,31OCT2025,0.0,0.0,0.0,2826.0,2826.0,0,0.0,4
04 Aug 2025,CARDAMOM,31OCT2025,0.0,0.0,0.0,2826.0,2826.0,0,0.0,4
01 Aug 2025,CARDAMOM,31OCT2025,0.0,0.0,0.0,2826.0,2826.0,0,0.0,4
31 Jul 2025,CARDAMOM,31OCT2025,0.0,0.0,0.0,2826.0,2826.0,0,0.0,4
30 Jul 2025,CARDAMOM,31OCT2025,0.0,0.0,0.0,2826.0,2826.0,0,0.0,4
29 Jul 2025,CARDAMOM,31OCT2025,2805.0,2850.0,2805.0,2826.0,2900.0,4,11.3,4
30 Sep 2025,CARDAMOM,30SEP2025,2620.0,2625.0,2620.0,2621.0,2615.0,17,44.56,33
29 Sep 2025,CARDAMOM,30SEP2025,2619.0,2619.0,2610.0,2615.0,2554.0,5,13.08,50
26 Sep 2025,CARDAMOM,30SEP2025,2639.0,2639.0,2500.0,2554.0,2570.0,10,25.54,50
25 Sep 2025,CARDAMOM,30SEP2025,2580.0,2580.0,2550.0,2570.0,2590.0,3,7.71,58
24 Sep 2025,CARDAMOM,30SEP2025,2534.0,2615.0,2534.0,2590.0,2638.0,11,28.44,61
23 Sep 2025,CARDAMOM,30SEP2025,2648.0,2649.0,2601.0,2638.0,2651.0,14,36.92,68
22 Sep 2025,CARDAMOM,30SEP2025,2650.0,2655.0,2620.0,2651.0,2669.0,20,52.86,73
19 Sep 2025,CARDAMOM,30SEP2025,2658.0,2680.0,2657.0,2669.0,2651.0,16,42.64,74
18 Sep 2025,CARDAMOM,30SEP2025,2600.0,2655.0,2591.0,2651.0,2597.0,33,86.88,76
17 Sep 2025,CARDAMOM,30SEP2025,2600.0,2603.0,2588.0,2597.0,2594.0,12,31.16,91
16 Sep 2025,CARDAMOM,30SEP2025,2570.0,2600.0,2570.0,2594.0,2576.0,29,74.92,92
15 Sep 2025,CARDAMOM,30SEP2025,2543.0,2600.0,2543.0,2576.0,2571.0,18,46.39,97
12 Sep 2025,CARDAMOM,30SEP2025,2567.0,2590.0,2553.0,2571.0,2590.0,11,28.28,95
11 Sep 2025,CARDAMOM,30SEP2025,2600.0,2628.0,2575.0,2590.0,2601.0,19,49.44,96
10 Sep 2025,CARDAMOM,30SEP2025,2654.0,2664.0,2575.0,2601.0,2650.0,29,76.49,98
09 Sep 2025,CARDAMOM,30SEP2025,2645.0,2665.0,2612.0,2650.0,2603.0,32,84.53,96
08 Sep 2025,CARDAMOM,30SEP2025,2550.0,2649.0,2550.0,2603.0,2548.0,41,107.39,92
05 Sep 2025,CARDAMOM,30SEP2025,2550.0,2550.0,2540.0,2548.0,2561.0,15,38.23,109
04 Sep 2025,CARDAMOM,30SEP2025,2565.0,2570.0,2548.0,2561.0,2570.0,22,56.34,111
03 Sep 2025,CARDAMOM,30SEP2025,2460.0,2594.0,2432.0,2570.0,2448.0,66,165.84,107
02 Sep 2025,CARDAMOM,30SEP2025,2415.0,2468.0,2415.0,2448.0,2425.0,67,164.18,140
01 Sep 2025,CARDAMOM,30SEP2025,2402.0,2440.0,2360.0,2425.0,2407.0,58,139.25,154
29 Aug 2025,CARDAMOM,30SEP2025,2460.0,2461.0,2400.0,2407.0,2443.0,60,146.09,149
28 Aug 2025,CARDAMOM,30SEP2025,2550.0,2550.0,2441.0,2443.0,2596.0,66,163.52,154
27 Aug 2025,CARDAMOM,30SEP2025,0.0,0.0,0.0,2596.0,2596.0,0,0.0,144
26 Aug 2025,CARDAMOM,30SEP2025,2630.0,2650.0,2554.0,2596.0,2605.0,60,157.48,144
25 Aug 2025,CARDAMOM,30SEP2025,2605.0,2615.0,2510.0,2605.0,2515.0,65,167.8,139
22 Aug 2025,CARDAMOM,30SEP2025,2518.0,2530.0,2500.0,2515.0,2504.0,26,65.41,137
21 Aug 2025,CARDAMOM,30SEP2025,2479.0,2520.0,2457.0,2504.0,2421.0,30,74.91,139
20 Aug 2025,CARDAMOM,30SEP2025,2440.0,2445.0,2400.0,2421.0,2440.0,13,31.5,152
19 Aug 2025,CARDAMOM,30SEP2025,2430.0,2459.0,2425.0,2440.0,2434.0,17,41.41,153
18 Aug 2025,CARDAMOM,30SEP2025,2435.0,2440.0,2311.0,2434.0,2347.0,62,147.63,146
14 Aug 2025,CARDAMOM,30SEP2025,2201.0,2358.0,2201.0,2347.0,2225.0,29,66.52,121
13 Aug 2025,CARDAMOM,30SEP2025,2260.0,2260.0,2217.0,2225.0,2309.0,39,86.94,107
12 Aug 2025,CARDAMOM,30SEP2025,2340.0,2363.0,2300.0,2309.0,2373.0,26,60.64,84
11 Aug 2025,CARDAMOM,30SEP2025,2401.0,2401.0,2344.0,2373.0,2440.0,11,26.13,65
08 Aug 2025,CARDAMOM,30SEP2025,2440.0,2440.0,2440.0,2440.0,2436.0,12,29.28,59
07 Aug 2025,CARDAMOM,30SEP2025,2455.0,2455.0,2431.0,2436.0,2462.0,8,19.49,47
06 Aug 2025,CARDAMOM,30SEP2025,2467.0,2490.0,2450.0,2462.0,2477.0,7,17.23,42
05 Aug 2025,CARDAMOM,30SEP2025,2477.0,2500.0,2460.0,2477.0,2541.0,15,37.16,37
04 Aug 2025,CARDAMOM,30SEP2025,2550.0,2550.0,2535.0,2541.0,2640.0,6,15.25,25
01 Aug 2025,CARDAMOM,30SEP2025,2650.0,2650.0,2621.0,2640.0,2700.0,4,10.56,21
31 Jul 2025,CARDAMOM,30SEP2025,2700.0,2700.0,2700.0,2700.0,2713.0,2,5.4,18
30 Jul 2025,CARDAMOM,30SEP2025,2700.0,2730.0,2700.0,2713.0,2748.0,9,24.42,16
29 Jul 2025,CARDAMOM,30SEP2025,2853.0,2883.0,2740.0,2748.0,2851.0,19,53.22,12
29 Aug 2025,CARDAMOM,29AUG2025,2750.0,2750.0,2750.0,2750.0,2716.0,7,19.25,0
28 Aug 2025,CARDAMOM,29AUG2025,0.0,0.0,0.0,2716.0,2716.0,0,0.0,7
27 Aug 2025,CARDAMOM,29AUG2025,0.0,0.0,0.0,2716.0,2716.0,0,0.0,7
26 Aug 2025,CARDAMOM,29AUG2025,2675.0,2768.0,2645.0,2716.0,2741.0,14,38.02,7
25 Aug 2025,CARDAMOM,29AUG2025,2625.0,2745.0,2625.0,2741.0,2664.0,22,59.58,20
22 Aug 2025,CARDAMOM,29AUG2025,2650.0,2680.0,2650.0,2664.0,2656.0,6,15.99,38
21 Aug 2025,CARDAMOM,29AUG2025,2670.0,2680.0,2637.0,2656.0,2627.0,7,18.59,43
20 Aug 2025,CARDAMOM,29AUG2025,2644.0,2644.0,2618.0,2627.0,2620.0,3,7.88,49
19 Aug 2025,CARDAMOM,29AUG2025,2610.0,2630.0,2610.0,2620.0,2630.0,11,28.83,52
18 Aug 2025,CARDAMOM,29AUG2025,2550.0,2649.0,2550.0,2630.0,2590.0,32,83.73,53
14 Aug 2025,CARDAMOM,29AUG2025,2460.0,2594.0,2420.0,2590.0,2448.0,58,145.95,61
13 Aug 2025,CARDAMOM,29AUG2025,2469.0,2469.0,2431.0,2448.0,2469.0,37,90.34,88
12 Aug 2025,CARDAMOM,29AUG2025,2500.0,2518.0,2451.0,2469.0,2520.0,32,79.32,93
11 Aug 2025,CARDAMOM,29AUG2025,2482.0,2600.0,2482.0,2520.0,2585.0,26,65.68,87
08 Aug 2025,CARDAMOM,29AUG2025,2595.0,2600.0,2563.0,2585.0,2582.0,42,108.67,91
07 Aug 2025,CARDAMOM,29AUG2025,2609.0,2620.0,2570.0,2582.0,2613.0,42,108.92,89
06 Aug 2025,CARDAMOM,29AUG2025,2640.0,2640.0,2597.0,2613.0,2608.0,27,70.51,91
05 Aug 2025,CARDAMOM,29AUG2025,2570.0,2625.0,2549.0,2608.0,2619.0,64,165.42,85
04 Aug 2025,CARDAMOM,29AUG2025,2727.0,2727.0,2610.0,2619.0,2727.0,74,196.66,77
01 Aug 2025,CARDAMOM,29AUG2025,2810.0,2810.0,2711.0,2727.0,2786.0,43,118.17,63
31 Jul 2025,CARDAMOM,29AUG2025,2807.0,2818.0,2775.0,2786.0,2845.0,100,279.7,63
30 Jul 2025,CARDAMOM,29AUG2025,2870.0,2870.0,2804.0,2845.0,2870.0,92,260.55,51
29 Jul 2025,CARDAMOM,29AUG2025,2800.0,2935.0,2800.0,2870.0,2873.0,125,358.29,41
