date,forecast_5d_precip_mm,source,fetched_at_utc
20141107,40.032,reforecast,2026-08-04T18:53:52.911769+00:00
20150114,0.389,reforecast,2026-08-04T18:53:55.332846+00:00
20150501,41.963,reforecast,2026-08-04T18:53:57.965118+00:00
20150502,55.847,reforecast,2026-08-04T18:54:00.386398+00:00
20150504,92.246,reforecast,2026-08-04T18:54:02.901506+00:00
20150505,71.044,reforecast,2026-08-04T18:54:05.180803+00:00
20150506,72.606,reforecast,2026-08-04T18:54:07.973127+00:00
20150507,68.163,reforecast,2026-08-04T18:54:10.293617+00:00
20150508,115.161,reforecast,2026-08-04T18:54:12.694739+00:00
20150509,160.071,reforecast,2026-08-04T18:54:15.172823+00:00
20150511,98.882,reforecast,2026-08-04T18:54:17.600422+00:00
20150512,111.272,reforecast,2026-08-04T18:54:20.006331+00:00
20150513,89.891,reforecast,2026-08-04T18:54:22.360524+00:00
20150514,116.964,reforecast,2026-08-04T18:54:24.693584+00:00
20150515,120.894,reforecast,2026-08-04T18:54:27.083071+00:00
20150516,52.922,reforecast,2026-08-04T18:54:29.404188+00:00
20150518,40.590,reforecast,2026-08-04T18:54:31.696227+00:00
20150519,26.706,reforecast,2026-08-04T18:54:34.125095+00:00
20150520,16.702,reforecast,2026-08-04T18:54:36.456578+00:00
20150521,19.446,reforecast,2026-08-04T18:54:38.805927+00:00
20150522,12.093,reforecast,2026-08-04T18:54:41.209105+00:00
20150523,17.234,reforecast,2026-08-04T18:54:43.876094+00:00
20150525,33.880,reforecast,2026-08-04T18:54:46.790900+00:00
20150526,41.948,reforecast,2026-08-04T18:54:49.704364+00:00
20150527,36.807,reforecast,2026-08-04T18:54:52.313344+00:00
20150528,69.662,reforecast,2026-08-04T18:54:54.933474+00:00
20150529,54.079,reforecast,2026-08-04T18:54:57.428253+00:00
20150530,61.323,reforecast,2026-08-04T18:55:00.294956+00:00
20150601,83.780,reforecast,2026-08-04T18:55:02.762633+00:00
20150602,45.287,reforecast,2026-08-04T18:55:05.380354+00:00
20150603,85.284,reforecast,2026-08-04T18:55:08.120848+00:00
20150604,46.867,reforecast,2026-08-04T18:55:10.567474+00:00
20150605,25.901,reforecast,2026-08-04T18:55:13.500557+00:00
20150606,14.740,reforecast,2026-08-04T18:55:16.334886+00:00
20150608,23.799,reforecast,2026-08-04T18:55:19.246585+00:00
20150609,32.501,reforecast,2026-08-04T18:55:22.065428+00:00
20150610,58.358,reforecast,2026-08-04T18:55:25.059370+00:00
20150611,58.533,reforecast,2026-08-04T18:55:27.595030+00:00
20150612,49.522,reforecast,2026-08-04T18:55:30.083626+00:00
20150613,18.058,reforecast,2026-08-04T18:55:32.894142+00:00
20150615,46.108,reforecast,2026-08-04T18:55:35.583338+00:00
20150616,71.108,reforecast,2026-08-04T18:55:38.529755+00:00
20150617,108.992,reforecast,2026-08-04T18:55:41.089457+00:00
20150618,97.047,reforecast,2026-08-04T18:55:43.732896+00:00
20150619,96.211,reforecast,2026-08-04T18:55:46.288273+00:00
20150620,79.770,reforecast,2026-08-04T18:55:49.011502+00:00
20150622,121.972,reforecast,2026-08-04T18:55:51.448439+00:00
20150623,98.983,reforecast,2026-08-04T18:55:54.056029+00:00
20150624,126.037,reforecast,2026-08-04T18:55:56.439053+00:00
20150625,112.247,reforecast,2026-08-04T18:55:58.809775+00:00
20150626,130.281,reforecast,2026-08-04T18:56:01.227724+00:00
20150627,57.201,reforecast,2026-08-04T18:56:04.076510+00:00
20150629,29.872,reforecast,2026-08-04T18:56:06.612668+00:00
20150630,35.419,reforecast,2026-08-04T18:56:09.031154+00:00
20150701,34.064,reforecast,2026-08-04T18:56:11.522589+00:00
20150702,37.452,reforecast,2026-08-04T18:56:13.880161+00:00
20150703,22.656,reforecast,2026-08-04T18:56:16.300255+00:00
20150704,19.618,reforecast,2026-08-04T18:56:18.727340+00:00
20150706,54.039,reforecast,2026-08-04T18:56:21.122079+00:00
20150707,95.759,reforecast,2026-08-04T18:56:23.816806+00:00
20150708,82.297,reforecast,2026-08-04T18:56:26.297569+00:00
20150709,59.500,reforecast,2026-08-04T18:56:28.642274+00:00
20150710,54.344,reforecast,2026-08-04T18:56:31.094793+00:00
20150711,41.619,reforecast,2026-08-04T18:56:33.496725+00:00
20150713,112.112,reforecast,2026-08-04T18:56:36.000819+00:00
20150714,173.966,reforecast,2026-08-04T18:56:38.418944+00:00
20150715,122.428,reforecast,2026-08-04T18:56:40.872185+00:00
20150716,123.309,reforecast,2026-08-04T18:56:43.394662+00:00
20150717,99.844,reforecast,2026-08-04T18:56:45.839485+00:00
20150720,164.962,reforecast,2026-08-04T18:56:48.306087+00:00
20150721,147.138,reforecast,2026-08-04T18:56:50.933052+00:00
20150722,86.543,reforecast,2026-08-04T18:56:53.445904+00:00
20150723,43.647,reforecast,2026-08-04T18:56:55.975061+00:00
20150724,22.333,reforecast,2026-08-04T18:56:58.441124+00:00
20150725,17.533,reforecast,2026-08-04T18:57:01.118762+00:00
20150727,7.920,reforecast,2026-08-04T18:57:03.549856+00:00
20150728,7.006,reforecast,2026-08-04T18:57:05.900380+00:00
20150729,8.132,reforecast,2026-08-04T18:57:08.225126+00:00
20150730,21.488,reforecast,2026-08-04T18:57:10.715078+00:00
20150731,26.942,reforecast,2026-08-04T18:57:13.054677+00:00
20150801,25.738,reforecast,2026-08-04T18:57:16.076054+00:00
20150803,25.542,reforecast,2026-08-04T18:57:18.420502+00:00
20150804,12.548,reforecast,2026-08-04T18:57:21.052013+00:00
20150805,17.052,reforecast,2026-08-04T18:57:23.595987+00:00
20150806,15.730,reforecast,2026-08-04T18:57:26.380555+00:00
20150807,22.129,reforecast,2026-08-04T18:57:28.752625+00:00
20150808,40.914,reforecast,2026-08-04T18:57:31.191897+00:00
20150810,51.140,reforecast,2026-08-04T18:57:33.535005+00:00
20150811,29.791,reforecast,2026-08-04T18:57:35.917754+00:00
20150812,29.789,reforecast,2026-08-04T18:57:38.251311+00:00
20150813,37.348,reforecast,2026-08-04T18:57:40.650579+00:00
20150814,72.973,reforecast,2026-08-04T18:57:43.288059+00:00
20150817,133.562,reforecast,2026-08-04T18:57:45.678705+00:00
20150818,72.308,reforecast,2026-08-04T18:57:48.260346+00:00
20150819,51.240,reforecast,2026-08-04T18:57:50.635641+00:00
20150820,37.737,reforecast,2026-08-04T18:57:53.005058+00:00
20150821,25.627,reforecast,2026-08-04T18:57:55.574854+00:00
20150822,32.571,reforecast,2026-08-04T18:57:58.086935+00:00
20150824,22.400,reforecast,2026-08-04T18:58:00.502951+00:00
20150825,17.388,reforecast,2026-08-04T18:58:02.789010+00:00
20150826,12.411,reforecast,2026-08-04T18:58:05.312220+00:00
20150829,27.248,reforecast,2026-08-04T18:58:07.705694+00:00
20150831,37.183,reforecast,2026-08-04T18:58:10.100345+00:00
20151001,19.883,reforecast,2026-08-04T18:58:12.608919+00:00
20151003,37.581,reforecast,2026-08-04T18:58:14.934133+00:00
20151005,49.029,reforecast,2026-08-04T18:58:17.185514+00:00
20151006,37.428,reforecast,2026-08-04T18:58:19.635504+00:00
20151007,46.649,reforecast,2026-08-04T18:58:22.278835+00:00
20151008,46.107,reforecast,2026-08-04T18:58:24.665412+00:00
20151009,77.811,reforecast,2026-08-04T18:58:27.143640+00:00
20151010,86.528,reforecast,2026-08-04T18:58:29.608082+00:00
20151012,106.402,reforecast,2026-08-04T18:58:32.040320+00:00
20151013,71.162,reforecast,2026-08-04T18:58:34.408912+00:00
20151014,51.011,reforecast,2026-08-04T18:58:36.707060+00:00
20151015,61.533,reforecast,2026-08-04T18:58:39.018275+00:00
20151016,76.526,reforecast,2026-08-04T18:58:41.384870+00:00
20151017,113.678,reforecast,2026-08-04T18:58:44.190846+00:00
20151019,46.808,reforecast,2026-08-04T18:58:46.540104+00:00
20151020,21.842,reforecast,2026-08-04T18:58:48.952474+00:00
20151022,56.666,reforecast,2026-08-04T18:58:51.487813+00:00
20151023,40.564,reforecast,2026-08-04T18:58:53.903115+00:00
20151024,39.946,reforecast,2026-08-04T18:58:56.463093+00:00
20151026,75.402,reforecast,2026-08-04T18:58:59.033012+00:00
20151027,123.531,reforecast,2026-08-04T18:59:01.477024+00:00
20151028,74.056,reforecast,2026-08-04T18:59:04.028517+00:00
20151029,73.512,reforecast,2026-08-04T18:59:06.794092+00:00
20151030,94.029,reforecast,2026-08-04T18:59:09.356172+00:00
20151031,172.959,reforecast,2026-08-04T18:59:11.909971+00:00
20151102,176.672,reforecast,2026-08-04T18:59:14.355378+00:00
20151103,306.600,reforecast,2026-08-04T18:59:16.877044+00:00
20151104,197.229,reforecast,2026-08-04T18:59:19.306733+00:00
20151105,86.120,reforecast,2026-08-04T18:59:21.957120+00:00
20151106,91.396,reforecast,2026-08-04T18:59:24.526819+00:00
20151107,52.077,reforecast,2026-08-04T18:59:27.496537+00:00
20151111,62.341,reforecast,2026-08-04T18:59:29.951944+00:00
20151112,119.804,reforecast,2026-08-04T18:59:32.711329+00:00
20151113,111.130,reforecast,2026-08-04T18:59:35.262337+00:00
20151114,96.122,reforecast,2026-08-04T18:59:37.704909+00:00
20151116,91.884,reforecast,2026-08-04T18:59:40.178412+00:00
20151118,75.452,reforecast,2026-08-04T18:59:42.841800+00:00
20151119,113.536,reforecast,2026-08-04T18:59:45.285208+00:00
20151120,96.593,reforecast,2026-08-04T18:59:48.035351+00:00
20151121,56.089,reforecast,2026-08-04T18:59:50.543298+00:00
20151123,19.864,reforecast,2026-08-04T18:59:53.005653+00:00
20151124,30.538,reforecast,2026-08-04T18:59:55.492589+00:00
20151125,20.136,reforecast,2026-08-04T18:59:58.018913+00:00
20151126,40.522,reforecast,2026-08-04T19:00:00.535223+00:00
20151127,68.862,reforecast,2026-08-04T19:00:03.025607+00:00
20151128,67.824,reforecast,2026-08-04T19:00:05.645296+00:00
20151130,112.633,reforecast,2026-08-04T19:00:08.046839+00:00
20151201,155.946,reforecast,2026-08-04T19:00:10.562064+00:00
20151202,105.062,reforecast,2026-08-04T19:00:13.053607+00:00
20151203,86.049,reforecast,2026-08-04T19:00:15.597236+00:00
20151204,193.390,reforecast,2026-08-04T19:00:17.960079+00:00
20151205,131.060,reforecast,2026-08-04T19:00:20.385289+00:00
20151207,99.024,reforecast,2026-08-04T19:00:23.212764+00:00
20151208,67.783,reforecast,2026-08-04T19:00:25.676674+00:00
20151209,57.112,reforecast,2026-08-04T19:00:28.253780+00:00
20151210,15.201,reforecast,2026-08-04T19:00:30.663693+00:00
20151211,100.739,reforecast,2026-08-04T19:00:34.296527+00:00
20151212,116.762,reforecast,2026-08-04T19:00:36.699552+00:00
20151214,136.829,reforecast,2026-08-04T19:00:39.161806+00:00
20151215,93.149,reforecast,2026-08-04T19:00:41.603277+00:00
20151216,14.983,reforecast,2026-08-04T19:00:44.578136+00:00
20151217,13.270,reforecast,2026-08-04T19:00:47.269400+00:00
20151218,42.811,reforecast,2026-08-04T19:00:49.797196+00:00
20151219,26.938,reforecast,2026-08-04T19:00:52.135469+00:00
20151221,1.784,reforecast,2026-08-04T19:00:54.530716+00:00
20151222,0.382,reforecast,2026-08-04T19:00:57.115743+00:00
20151223,0.814,reforecast,2026-08-04T19:00:59.485963+00:00
20151224,0.592,reforecast,2026-08-04T19:01:01.891166+00:00
20151226,1.606,reforecast,2026-08-04T19:01:04.268006+00:00
20151228,0.856,reforecast,2026-08-04T19:01:06.583064+00:00
20151229,1.852,reforecast,2026-08-04T19:01:08.896111+00:00
20151230,0.121,reforecast,2026-08-04T19:01:11.291660+00:00
20151231,0.000,reforecast,2026-08-04T19:01:13.649877+00:00
20160101,0.000,reforecast,2026-08-04T19:01:15.968116+00:00
20160102,0.027,reforecast,2026-08-04T19:01:18.512097+00:00
20160104,0.056,reforecast,2026-08-04T19:01:20.798916+00:00
20160105,0.257,reforecast,2026-08-04T19:01:23.291558+00:00
20160106,0.501,reforecast,2026-08-04T19:01:25.700488+00:00
20160107,0.011,reforecast,2026-08-04T19:01:28.300980+00:00
20160108,0.039,reforecast,2026-08-04T19:01:30.904284+00:00
20160109,0.073,reforecast,2026-08-04T19:01:33.244293+00:00
20160111,0.401,reforecast,2026-08-04T19:01:35.769469+00:00
20160112,1.708,reforecast,2026-08-04T19:01:38.923915+00:00
20160113,0.321,reforecast,2026-08-04T19:01:41.937839+00:00
20160114,0.948,reforecast,2026-08-04T19:01:49.665268+00:00
20160118,11.790,reforecast,2026-08-04T19:01:52.145677+00:00
20160119,21.380,reforecast,2026-08-04T19:01:54.534839+00:00
20160120,14.806,reforecast,2026-08-04T19:01:56.804749+00:00
20160121,7.649,reforecast,2026-08-04T19:01:59.197643+00:00
20160122,2.460,reforecast,2026-08-04T19:02:02.069711+00:00
20160123,0.589,reforecast,2026-08-04T19:02:04.298177+00:00
20160125,5.674,reforecast,2026-08-04T19:02:07.257085+00:00
20160127,3.876,reforecast,2026-08-04T19:02:09.706289+00:00
20160128,0.683,reforecast,2026-08-04T19:02:12.253078+00:00
20160129,0.056,reforecast,2026-08-04T19:02:14.745600+00:00
20160130,0.000,reforecast,2026-08-04T19:02:17.185683+00:00
20160201,0.000,reforecast,2026-08-04T19:02:19.538940+00:00
20160202,0.000,reforecast,2026-08-04T19:02:22.212919+00:00
20160203,0.001,reforecast,2026-08-04T19:02:24.916843+00:00
20160204,4.022,reforecast,2026-08-04T19:02:27.336547+00:00
20160205,3.094,reforecast,2026-08-04T19:02:29.726471+00:00
20160206,10.830,reforecast,2026-08-04T19:02:32.075813+00:00
20160208,17.833,reforecast,2026-08-04T19:02:34.462069+00:00
20160209,22.510,reforecast,2026-08-04T19:02:37.107326+00:00
20160210,21.749,reforecast,2026-08-04T19:02:39.780110+00:00
20160211,8.843,reforecast,2026-08-04T19:02:42.467493+00:00
20160212,1.042,reforecast,2026-08-04T19:02:44.911737+00:00
20160213,2.510,reforecast,2026-08-04T19:02:51.852674+00:00
20160215,1.350,reforecast,2026-08-04T19:02:54.678088+00:00
20160216,14.056,reforecast,2026-08-04T19:02:56.984418+00:00
20160217,16.411,reforecast,2026-08-04T19:02:59.444845+00:00
20160218,1.957,reforecast,2026-08-04T19:03:02.244880+00:00
20160219,0.810,reforecast,2026-08-04T19:03:04.626673+00:00
20160220,6.733,reforecast,2026-08-04T19:03:07.040015+00:00
20160222,3.254,reforecast,2026-08-04T19:03:09.687656+00:00
20160223,1.348,reforecast,2026-08-04T19:03:12.231660+00:00
20160224,1.921,reforecast,2026-08-04T19:03:20.270591+00:00
20160225,1.983,reforecast,2026-08-04T19:03:23.155725+00:00
20160226,0.926,reforecast,2026-08-04T19:03:26.546061+00:00
20160227,1.352,reforecast,2026-08-04T19:03:29.680005+00:00
20160229,0.061,reforecast,2026-08-04T19:03:32.392765+00:00
20160301,0.047,reforecast,2026-08-04T19:03:34.944877+00:00
20160302,0.187,reforecast,2026-08-04T19:03:37.400063+00:00
20160303,1.262,reforecast,2026-08-04T19:03:40.041321+00:00
20160304,1.716,reforecast,2026-08-04T19:03:42.774609+00:00
20160305,0.404,reforecast,2026-08-04T19:03:45.096085+00:00
20160307,2.233,reforecast,2026-08-04T19:03:47.738435+00:00
20160308,7.138,reforecast,2026-08-04T19:03:50.631961+00:00
20160309,16.091,reforecast,2026-08-04T19:03:53.035153+00:00
20160310,12.398,reforecast,2026-08-04T19:03:55.697581+00:00
20160311,24.496,reforecast,2026-08-04T19:03:58.165724+00:00
20160312,34.611,reforecast,2026-08-04T19:04:00.554544+00:00
20160314,10.179,reforecast,2026-08-04T19:04:03.164263+00:00
20160315,11.250,reforecast,2026-08-04T19:04:05.514664+00:00
20160316,4.640,reforecast,2026-08-04T19:04:08.244694+00:00
20160317,3.828,reforecast,2026-08-04T19:04:10.694345+00:00
20160318,4.312,reforecast,2026-08-04T19:04:13.249327+00:00
20160319,4.606,reforecast,2026-08-04T19:04:15.784810+00:00
20160321,10.043,reforecast,2026-08-04T19:04:18.190944+00:00
20160322,10.864,reforecast,2026-08-04T19:04:20.870290+00:00
20160323,6.252,reforecast,2026-08-04T19:04:23.465332+00:00
20160324,4.970,reforecast,2026-08-04T19:04:25.927847+00:00
20160328,21.139,reforecast,2026-08-04T19:04:28.401742+00:00
20160329,21.050,reforecast,2026-08-04T19:04:31.298105+00:00
20160331,9.451,reforecast,2026-08-04T19:04:33.751343+00:00
20160401,9.517,reforecast,2026-08-04T19:04:36.146046+00:00
20160402,13.681,reforecast,2026-08-04T19:04:38.644281+00:00
20160404,30.826,reforecast,2026-08-04T19:04:41.050080+00:00
20160405,38.989,reforecast,2026-08-04T19:04:43.524989+00:00
20160406,75.798,reforecast,2026-08-04T19:04:45.993180+00:00
20160407,75.316,reforecast,2026-08-04T19:04:48.422143+00:00
20160408,87.002,reforecast,2026-08-04T19:04:51.083604+00:00
20160409,55.091,reforecast,2026-08-04T19:04:53.546707+00:00
20160411,20.049,reforecast,2026-08-04T19:04:56.018429+00:00
20160412,18.467,reforecast,2026-08-04T19:04:58.295767+00:00
20160413,19.528,reforecast,2026-08-04T19:05:00.505820+00:00
20160415,17.058,reforecast,2026-08-04T19:05:02.756339+00:00
20160416,18.553,reforecast,2026-08-04T19:05:05.473735+00:00
20160418,25.774,reforecast,2026-08-04T19:05:07.747138+00:00
20160419,29.717,reforecast,2026-08-04T19:05:09.984909+00:00
20160420,28.340,reforecast,2026-08-04T19:05:12.259653+00:00
20160421,21.672,reforecast,2026-08-04T19:05:14.715496+00:00
20160422,12.723,reforecast,2026-08-04T19:05:17.684146+00:00
20160423,9.197,reforecast,2026-08-04T19:05:20.202904+00:00
20160425,14.226,reforecast,2026-08-04T19:05:22.792091+00:00
20160426,16.726,reforecast,2026-08-04T19:05:25.481382+00:00
20160427,25.168,reforecast,2026-08-04T19:05:28.070990+00:00
20160428,23.650,reforecast,2026-08-04T19:05:30.574510+00:00
20160429,18.722,reforecast,2026-08-04T19:05:33.135874+00:00
20160430,26.521,reforecast,2026-08-04T19:05:36.088437+00:00
20160502,32.627,reforecast,2026-08-04T19:05:38.714239+00:00
20160503,40.763,reforecast,2026-08-04T19:05:41.412229+00:00
20160504,49.071,reforecast,2026-08-04T19:05:44.219700+00:00
20160505,50.646,reforecast,2026-08-04T19:05:46.729268+00:00
20160506,63.808,reforecast,2026-08-04T19:05:49.499346+00:00
20160507,61.859,reforecast,2026-08-04T19:05:52.500619+00:00
20160509,72.343,reforecast,2026-08-04T19:05:54.915648+00:00
20160510,70.782,reforecast,2026-08-04T19:05:57.308259+00:00
20160511,62.202,reforecast,2026-08-04T19:06:00.077528+00:00
20160512,53.017,reforecast,2026-08-04T19:06:03.333045+00:00
20160513,89.756,reforecast,2026-08-04T19:06:05.967289+00:00
20160514,113.152,reforecast,2026-08-04T19:06:08.958148+00:00
20160517,68.803,reforecast,2026-08-04T19:06:11.760770+00:00
20160519,33.271,reforecast,2026-08-04T19:06:15.057367+00:00
20160520,18.013,reforecast,2026-08-04T19:06:18.353550+00:00
20160521,16.646,reforecast,2026-08-04T19:06:21.976497+00:00
20160523,43.782,reforecast,2026-08-04T19:06:26.239724+00:00
20160524,29.748,reforecast,2026-08-04T19:06:31.011489+00:00
20160525,19.864,reforecast,2026-08-04T19:06:35.326250+00:00
20160526,28.958,reforecast,2026-08-04T19:06:39.340201+00:00
20160527,39.951,reforecast,2026-08-04T19:06:42.267661+00:00
20160528,53.199,reforecast,2026-08-04T19:06:44.950621+00:00
20160530,77.818,reforecast,2026-08-04T19:06:48.851581+00:00
20160531,74.908,reforecast,2026-08-04T19:06:52.333764+00:00
20160601,48.421,reforecast,2026-08-04T19:06:56.010348+00:00
20160602,63.190,reforecast,2026-08-04T19:06:58.838510+00:00
20160603,83.470,reforecast,2026-08-04T19:07:01.530576+00:00
20160604,116.740,reforecast,2026-08-04T19:07:04.039282+00:00
20160606,126.484,reforecast,2026-08-04T19:07:06.592274+00:00
20160607,126.656,reforecast,2026-08-04T19:07:09.101336+00:00
20160608,140.850,reforecast,2026-08-04T19:07:11.901296+00:00
20160609,70.350,reforecast,2026-08-04T19:07:15.123945+00:00
20160610,46.409,reforecast,2026-08-04T19:07:17.974069+00:00
20160611,24.024,reforecast,2026-08-04T19:07:20.879958+00:00
20160613,64.951,reforecast,2026-08-04T19:07:23.686697+00:00
20160614,66.713,reforecast,2026-08-04T19:07:26.367832+00:00
20160615,142.371,reforecast,2026-08-04T19:07:29.089407+00:00
20160616,271.836,reforecast,2026-08-04T19:07:31.967551+00:00
20160617,125.550,reforecast,2026-08-04T19:07:34.724127+00:00
20160618,169.108,reforecast,2026-08-04T19:07:37.320254+00:00
20160620,69.450,reforecast,2026-08-04T19:07:39.804897+00:00
20160621,38.872,reforecast,2026-08-04T19:07:42.392431+00:00
20160622,38.917,reforecast,2026-08-04T19:07:45.055379+00:00
20160623,47.169,reforecast,2026-08-04T19:07:47.786686+00:00
20160624,99.254,reforecast,2026-08-04T19:07:50.635074+00:00
20160625,104.087,reforecast,2026-08-04T19:07:53.151948+00:00
20160627,146.331,reforecast,2026-08-04T19:07:55.618709+00:00
20160628,105.544,reforecast,2026-08-04T19:07:58.076550+00:00
20160629,74.136,reforecast,2026-08-04T19:08:00.650455+00:00
20160630,28.052,reforecast,2026-08-04T19:08:03.317384+00:00
20160701,35.371,reforecast,2026-08-04T19:08:05.935737+00:00
20160702,63.232,reforecast,2026-08-04T19:08:08.294817+00:00
20160704,45.383,reforecast,2026-08-04T19:08:10.827561+00:00
20160705,47.810,reforecast,2026-08-04T19:08:13.353752+00:00
20160707,83.588,reforecast,2026-08-04T19:08:15.866497+00:00
20160708,120.341,reforecast,2026-08-04T19:08:18.438609+00:00
20160709,96.570,reforecast,2026-08-04T19:08:21.294535+00:00
20160711,77.244,reforecast,2026-08-04T19:08:23.742039+00:00
20160712,85.900,reforecast,2026-08-04T19:08:26.424438+00:00
20160713,116.988,reforecast,2026-08-04T19:08:29.164712+00:00
20160714,102.008,reforecast,2026-08-04T19:08:32.336365+00:00
20160715,67.340,reforecast,2026-08-04T19:08:35.707241+00:00
20160716,42.503,reforecast,2026-08-04T19:08:38.379786+00:00
20160718,43.692,reforecast,2026-08-04T19:08:40.875311+00:00
20160719,42.930,reforecast,2026-08-04T19:08:43.478949+00:00
20160720,77.060,reforecast,2026-08-04T19:08:45.883007+00:00
20160721,80.159,reforecast,2026-08-04T19:08:48.289480+00:00
20160722,95.862,reforecast,2026-08-04T19:08:50.743347+00:00
20160723,127.837,reforecast,2026-08-04T19:08:53.127434+00:00
20160725,93.134,reforecast,2026-08-04T19:08:55.831122+00:00
20160726,63.228,reforecast,2026-08-04T19:08:58.376020+00:00
20160727,66.943,reforecast,2026-08-04T19:09:00.752092+00:00
20160728,30.950,reforecast,2026-08-04T19:09:03.122038+00:00
20160729,29.788,reforecast,2026-08-04T19:09:05.486601+00:00
20160730,20.497,reforecast,2026-08-04T19:09:07.791586+00:00
20160801,28.271,reforecast,2026-08-04T19:09:10.316382+00:00
20160802,27.827,reforecast,2026-08-04T19:09:12.648964+00:00
20160803,34.506,reforecast,2026-08-04T19:09:14.920037+00:00
20160804,31.502,reforecast,2026-08-04T19:09:17.243481+00:00
20160805,22.081,reforecast,2026-08-04T19:09:19.625847+00:00
20160806,17.642,reforecast,2026-08-04T19:09:21.894466+00:00
20160808,24.892,reforecast,2026-08-04T19:09:24.408225+00:00
20160810,33.514,reforecast,2026-08-04T19:09:26.681017+00:00
20160811,37.967,reforecast,2026-08-04T19:09:29.059900+00:00
20160812,35.510,reforecast,2026-08-04T19:09:31.435057+00:00
20160813,34.999,reforecast,2026-08-04T19:09:33.771689+00:00
20160816,33.284,reforecast,2026-08-04T19:09:36.258206+00:00
20160817,27.836,reforecast,2026-08-04T19:09:38.684212+00:00
20160818,31.342,reforecast,2026-08-04T19:09:41.149679+00:00
20160819,51.244,reforecast,2026-08-04T19:09:43.605117+00:00
20160820,37.270,reforecast,2026-08-04T19:09:45.854228+00:00
20160822,31.310,reforecast,2026-08-04T19:09:48.281960+00:00
20160823,46.361,reforecast,2026-08-04T19:09:50.662678+00:00
20160824,33.993,reforecast,2026-08-04T19:09:52.997731+00:00
20160825,46.804,reforecast,2026-08-04T19:09:55.406477+00:00
20160826,40.914,reforecast,2026-08-04T19:09:57.773186+00:00
20160827,20.197,reforecast,2026-08-04T19:09:59.996996+00:00
20160829,59.628,reforecast,2026-08-04T19:10:02.332454+00:00
20160830,87.497,reforecast,2026-08-04T19:10:04.898825+00:00
20160831,63.271,reforecast,2026-08-04T19:10:07.465656+00:00
20160901,93.048,reforecast,2026-08-04T19:10:09.859694+00:00
20160902,92.319,reforecast,2026-08-04T19:10:12.256041+00:00
20160903,20.254,reforecast,2026-08-04T19:10:15.052723+00:00
20160905,5.202,reforecast,2026-08-04T19:10:17.475259+00:00
20160906,5.619,reforecast,2026-08-04T19:10:20.349730+00:00
20160907,10.996,reforecast,2026-08-04T19:10:23.007828+00:00
20160908,25.219,reforecast,2026-08-04T19:10:26.338212+00:00
20160909,19.763,reforecast,2026-08-04T19:10:29.064566+00:00
20160910,24.337,reforecast,2026-08-04T19:10:32.485789+00:00
20160913,41.947,reforecast,2026-08-04T19:10:35.197838+00:00
20160915,10.050,reforecast,2026-08-04T19:10:37.720434+00:00
20160917,25.721,reforecast,2026-08-04T19:10:40.524468+00:00
20160919,19.550,reforecast,2026-08-04T19:10:43.313266+00:00
20160920,16.252,reforecast,2026-08-04T19:10:45.973777+00:00
20160921,23.291,reforecast,2026-08-04T19:10:48.509952+00:00
20160922,21.398,reforecast,2026-08-04T19:10:51.046519+00:00
20160923,28.401,reforecast,2026-08-04T19:10:53.492546+00:00
20160924,49.916,reforecast,2026-08-04T19:11:01.355089+00:00
20160926,44.831,reforecast,2026-08-04T19:11:03.848923+00:00
20160927,29.663,reforecast,2026-08-04T19:11:06.423470+00:00
20160928,23.724,reforecast,2026-08-04T19:11:08.910833+00:00
20160929,15.256,reforecast,2026-08-04T19:11:11.613824+00:00
20160930,3.020,reforecast,2026-08-04T19:11:14.003485+00:00
20161001,2.796,reforecast,2026-08-04T19:11:16.330685+00:00
20161003,3.277,reforecast,2026-08-04T19:11:19.488765+00:00
20161004,2.611,reforecast,2026-08-04T19:11:22.384334+00:00
20161005,5.293,reforecast,2026-08-04T19:11:24.864971+00:00
20161006,7.321,reforecast,2026-08-04T19:11:27.274795+00:00
20161007,14.532,reforecast,2026-08-04T19:11:29.743003+00:00
20161008,18.237,reforecast,2026-08-04T19:11:32.144132+00:00
20161011,81.023,reforecast,2026-08-04T19:11:34.460878+00:00
20161012,167.488,reforecast,2026-08-04T19:11:36.807887+00:00
20161013,122.572,reforecast,2026-08-04T19:11:39.145914+00:00
20161014,113.476,reforecast,2026-08-04T19:11:41.559665+00:00
20161015,105.320,reforecast,2026-08-04T19:11:44.068316+00:00
20161017,55.316,reforecast,2026-08-04T19:11:46.476979+00:00
20161018,40.987,reforecast,2026-08-04T19:11:48.954367+00:00
20161019,56.826,reforecast,2026-08-04T19:11:51.544987+00:00
20161020,69.633,reforecast,2026-08-04T19:11:54.132350+00:00
20161021,43.229,reforecast,2026-08-04T19:11:56.768582+00:00
20161022,31.420,reforecast,2026-08-04T19:11:59.246182+00:00
20161024,33.971,reforecast,2026-08-04T19:12:02.012097+00:00
20161025,68.428,reforecast,2026-08-04T19:12:05.640936+00:00
20161026,93.731,reforecast,2026-08-04T19:12:08.161768+00:00
20161027,139.746,reforecast,2026-08-04T19:12:10.668852+00:00
20161028,140.352,reforecast,2026-08-04T19:12:13.172509+00:00
20161031,105.539,reforecast,2026-08-04T19:12:15.770177+00:00
20161101,62.374,reforecast,2026-08-04T19:12:18.232601+00:00
20161102,66.847,reforecast,2026-08-04T19:12:20.637654+00:00
20161103,37.344,reforecast,2026-08-04T19:12:23.163562+00:00
20161104,25.758,reforecast,2026-08-04T19:12:25.776936+00:00
20161105,27.220,reforecast,2026-08-04T19:12:28.306712+00:00
20161107,42.004,reforecast,2026-08-04T19:12:30.946993+00:00
20161108,54.061,reforecast,2026-08-04T19:12:33.437987+00:00
20161110,37.653,reforecast,2026-08-04T19:12:36.070804+00:00
20161111,27.493,reforecast,2026-08-04T19:12:38.542890+00:00
20161112,27.869,reforecast,2026-08-04T19:12:41.018006+00:00
20161114,16.566,reforecast,2026-08-04T19:12:43.458876+00:00
20161116,5.717,reforecast,2026-08-04T19:12:45.902069+00:00
20161118,4.069,reforecast,2026-08-04T19:12:48.347237+00:00
20161119,112.556,reforecast,2026-08-04T19:12:50.945796+00:00
20161121,2.797,reforecast,2026-08-04T19:12:53.525013+00:00
20161122,0.867,reforecast,2026-08-04T19:12:55.943057+00:00
20161123,1.700,reforecast,2026-08-04T19:12:58.525477+00:00
20161124,0.480,reforecast,2026-08-04T19:13:01.643594+00:00
20161125,0.008,reforecast,2026-08-04T19:13:04.166815+00:00
20161126,0.350,reforecast,2026-08-04T19:13:06.659728+00:00
20161128,6.554,reforecast,2026-08-04T19:13:09.205246+00:00
20161129,26.954,reforecast,2026-08-04T19:13:11.628930+00:00
20161130,43.154,reforecast,2026-08-04T19:13:14.098737+00:00
20161201,33.374,reforecast,2026-08-04T19:13:16.682445+00:00
20161202,31.469,reforecast,2026-08-04T19:13:19.227212+00:00
20161203,44.558,reforecast,2026-08-04T19:13:21.837767+00:00
20161205,17.968,reforecast,2026-08-04T19:13:24.387389+00:00
20161208,7.320,reforecast,2026-08-04T19:13:26.805908+00:00
20161209,9.364,reforecast,2026-08-04T19:13:29.312419+00:00
20161210,20.232,reforecast,2026-08-04T19:13:31.814640+00:00
20161212,15.018,reforecast,2026-08-04T19:13:34.098478+00:00
20161213,19.242,reforecast,2026-08-04T19:13:36.648867+00:00
20161214,4.583,reforecast,2026-08-04T19:13:39.169230+00:00
20161215,2.004,reforecast,2026-08-04T19:13:41.651004+00:00
20161216,3.376,reforecast,2026-08-04T19:13:43.963048+00:00
20161217,5.952,reforecast,2026-08-04T19:13:46.456876+00:00
20161219,2.697,reforecast,2026-08-04T19:13:48.933155+00:00
20161220,3.667,reforecast,2026-08-04T19:13:51.333630+00:00
20161221,8.020,reforecast,2026-08-04T19:13:53.685551+00:00
20161222,1.083,reforecast,2026-08-04T19:13:56.124797+00:00
20161223,3.859,reforecast,2026-08-04T19:13:58.524860+00:00
20161224,3.248,reforecast,2026-08-04T19:14:01.158955+00:00
20161226,0.761,reforecast,2026-08-04T19:14:03.528850+00:00
20161227,1.524,reforecast,2026-08-04T19:14:05.999309+00:00
20161228,3.579,reforecast,2026-08-04T19:14:08.436402+00:00
20161229,0.628,reforecast,2026-08-04T19:14:11.014000+00:00
20161230,1.026,reforecast,2026-08-04T19:14:13.709194+00:00
20161231,0.703,reforecast,2026-08-04T19:14:16.193495+00:00
20170102,2.030,reforecast,2026-08-04T19:14:19.008387+00:00
20170103,4.170,reforecast,2026-08-04T19:14:21.792673+00:00
20170104,7.702,reforecast,2026-08-04T19:14:24.203891+00:00
20170105,11.184,reforecast,2026-08-04T19:14:26.601925+00:00
20170106,8.393,reforecast,2026-08-04T19:14:29.210858+00:00
20170107,13.156,reforecast,2026-08-04T19:14:31.831195+00:00
20170109,8.418,reforecast,2026-08-04T19:14:34.317346+00:00
20170110,8.033,reforecast,2026-08-04T19:14:36.984798+00:00
20170111,7.032,reforecast,2026-08-04T19:14:39.632416+00:00
20170112,3.274,reforecast,2026-08-04T19:14:42.386194+00:00
20170113,3.817,reforecast,2026-08-04T19:14:45.271179+00:00
20170117,6.197,reforecast,2026-08-04T19:14:47.623570+00:00
20170118,18.231,reforecast,2026-08-04T19:14:50.070264+00:00
20170119,18.457,reforecast,2026-08-04T19:14:52.672174+00:00
20170121,17.789,reforecast,2026-08-04T19:14:55.305503+00:00
20170123,24.888,reforecast,2026-08-04T19:14:57.903976+00:00
20170124,59.529,reforecast,2026-08-04T19:15:00.544374+00:00
20170125,105.692,reforecast,2026-08-04T19:15:03.343718+00:00
20170127,138.088,reforecast,2026-08-04T19:15:05.979409+00:00
20170128,52.491,reforecast,2026-08-04T19:15:08.787407+00:00
20170130,4.883,reforecast,2026-08-04T19:15:11.392753+00:00
20170131,0.396,reforecast,2026-08-04T19:15:13.880366+00:00
20170201,0.067,reforecast,2026-08-04T19:15:16.390664+00:00
20170202,0.000,reforecast,2026-08-04T19:15:18.752603+00:00
20170203,0.000,reforecast,2026-08-04T19:15:21.888647+00:00
20170204,0.152,reforecast,2026-08-04T19:15:24.243478+00:00
20170206,2.120,reforecast,2026-08-04T19:15:26.902543+00:00
20170207,1.934,reforecast,2026-08-04T19:15:30.210734+00:00
20170208,0.718,reforecast,2026-08-04T19:15:32.706902+00:00
20170209,0.112,reforecast,2026-08-04T19:15:35.218826+00:00
20170210,0.679,reforecast,2026-08-04T19:15:37.583321+00:00
20170211,1.071,reforecast,2026-08-04T19:15:40.017179+00:00
20170213,2.480,reforecast,2026-08-04T19:15:42.387788+00:00
20170214,2.840,reforecast,2026-08-04T19:15:44.903177+00:00
20170215,0.000,reforecast,2026-08-04T19:15:47.383822+00:00
20170216,0.000,reforecast,2026-08-04T19:15:49.964904+00:00
20170217,0.163,reforecast,2026-08-04T19:15:52.581260+00:00
20170218,0.211,reforecast,2026-08-04T19:15:55.109488+00:00
20170220,0.270,reforecast,2026-08-04T19:15:57.811114+00:00
20170221,0.500,reforecast,2026-08-04T19:16:00.336021+00:00
20170222,0.683,reforecast,2026-08-04T19:16:02.853988+00:00
20170223,0.413,reforecast,2026-08-04T19:16:05.710537+00:00
20170224,0.043,reforecast,2026-08-04T19:16:08.674852+00:00
20170225,0.279,reforecast,2026-08-04T19:16:11.441141+00:00
20170227,2.384,reforecast,2026-08-04T19:16:14.187379+00:00
20170228,25.598,reforecast,2026-08-04T19:16:16.762672+00:00
20170301,56.058,reforecast,2026-08-04T19:16:19.188978+00:00
20170302,90.258,reforecast,2026-08-04T19:16:21.906857+00:00
20170303,99.731,reforecast,2026-08-04T19:16:24.392937+00:00
20170304,150.921,reforecast,2026-08-04T19:16:26.976293+00:00
20170306,101.038,reforecast,2026-08-04T19:16:29.679753+00:00
20170307,110.080,reforecast,2026-08-04T19:16:37.363396+00:00
20170308,118.620,reforecast,2026-08-04T19:16:39.930983+00:00
20170309,70.341,reforecast,2026-08-04T19:16:42.479803+00:00
20170310,59.924,reforecast,2026-08-04T19:16:45.241786+00:00
20170311,24.151,reforecast,2026-08-04T19:16:47.909944+00:00
20170313,91.117,reforecast,2026-08-04T19:16:50.412303+00:00
20170314,84.643,reforecast,2026-08-04T19:16:53.179573+00:00
20170315,30.493,reforecast,2026-08-04T19:16:55.744655+00:00
20170316,42.706,reforecast,2026-08-04T19:16:58.380521+00:00
20170317,58.409,reforecast,2026-08-04T19:17:00.859723+00:00
20170318,33.461,reforecast,2026-08-04T19:17:03.425147+00:00
20170320,18.588,reforecast,2026-08-04T19:17:05.978036+00:00
20170321,3.734,reforecast,2026-08-04T19:17:08.956249+00:00
20170322,3.743,reforecast,2026-08-04T19:17:11.544325+00:00
20170323,1.717,reforecast,2026-08-04T19:17:14.132832+00:00
20170324,1.938,reforecast,2026-08-04T19:17:16.581880+00:00
20170325,0.839,reforecast,2026-08-04T19:17:19.173990+00:00
20170327,1.343,reforecast,2026-08-04T19:17:21.692042+00:00
20170328,3.121,reforecast,2026-08-04T19:17:24.218190+00:00
20170329,4.628,reforecast,2026-08-04T19:17:27.061543+00:00
20170330,7.863,reforecast,2026-08-04T19:17:29.884257+00:00
20170331,11.078,reforecast,2026-08-04T19:17:32.555990+00:00
20170401,11.584,reforecast,2026-08-04T19:17:35.673892+00:00
20170403,19.639,reforecast,2026-08-04T19:17:38.183284+00:00
20170404,25.343,reforecast,2026-08-04T19:17:41.232492+00:00
20170405,15.227,reforecast,2026-08-04T19:17:43.862160+00:00
20170406,16.746,reforecast,2026-08-04T19:17:46.404630+00:00
20170407,22.502,reforecast,2026-08-04T19:17:48.931102+00:00
20170408,27.870,reforecast,2026-08-04T19:17:51.495762+00:00
20170410,24.876,reforecast,2026-08-04T19:17:54.115440+00:00
20170411,27.283,reforecast,2026-08-04T19:17:56.758074+00:00
20170417,10.347,reforecast,2026-08-04T19:17:59.337903+00:00
20170418,33.319,reforecast,2026-08-04T19:18:01.813873+00:00
20170419,32.603,reforecast,2026-08-04T19:18:04.442447+00:00
20170420,40.718,reforecast,2026-08-04T19:18:07.127855+00:00
20170421,30.623,reforecast,2026-08-04T19:18:09.594266+00:00
20170422,37.993,reforecast,2026-08-04T19:18:12.160597+00:00
20170424,34.538,reforecast,2026-08-04T19:18:14.782499+00:00
20170425,38.871,reforecast,2026-08-04T19:18:17.298047+00:00
20170426,28.418,reforecast,2026-08-04T19:18:19.865140+00:00
20170427,26.130,reforecast,2026-08-04T19:18:22.427631+00:00
20170428,41.989,reforecast,2026-08-04T19:18:25.769625+00:00
20170429,46.679,reforecast,2026-08-04T19:18:28.488162+00:00
20170501,40.784,reforecast,2026-08-04T19:18:31.253850+00:00
20170502,40.671,reforecast,2026-08-04T19:18:33.692331+00:00
20170503,45.099,reforecast,2026-08-04T19:18:36.069927+00:00
20170504,59.047,reforecast,2026-08-04T19:18:38.871092+00:00
20170505,64.776,reforecast,2026-08-04T19:18:41.447096+00:00
20170506,69.987,reforecast,2026-08-04T19:18:43.842969+00:00
20170508,61.276,reforecast,2026-08-04T19:18:46.258000+00:00
20170509,104.984,reforecast,2026-08-04T19:18:48.824618+00:00
20170510,115.533,reforecast,2026-08-04T19:18:51.246332+00:00
20170511,108.782,reforecast,2026-08-04T19:18:53.825722+00:00
20170512,104.736,reforecast,2026-08-04T19:18:56.362175+00:00
20170513,42.428,reforecast,2026-08-04T19:18:58.886135+00:00
20170515,23.500,reforecast,2026-08-04T19:19:01.869448+00:00
20170516,43.476,reforecast,2026-08-04T19:19:04.492505+00:00
20170517,100.909,reforecast,2026-08-04T19:19:07.077501+00:00
20170518,37.202,reforecast,2026-08-04T19:19:09.677066+00:00
20170519,23.819,reforecast,2026-08-04T19:19:12.039521+00:00
20170520,35.320,reforecast,2026-08-04T19:19:14.531950+00:00
20170522,59.534,reforecast,2026-08-04T19:19:16.902317+00:00
20170523,98.788,reforecast,2026-08-04T19:19:19.321644+00:00
20170524,43.441,reforecast,2026-08-04T19:19:21.914769+00:00
20170525,53.459,reforecast,2026-08-04T19:19:24.321849+00:00
20170526,49.883,reforecast,2026-08-04T19:19:26.827054+00:00
20170527,38.897,reforecast,2026-08-04T19:19:29.264959+00:00
20170529,75.694,reforecast,2026-08-04T19:19:31.952247+00:00
20170530,66.658,reforecast,2026-08-04T19:19:34.493453+00:00
20170531,58.563,reforecast,2026-08-04T19:19:37.045652+00:00
20170601,60.503,reforecast,2026-08-04T19:19:39.504981+00:00
20170602,88.260,reforecast,2026-08-04T19:19:41.986375+00:00
20170603,60.200,reforecast,2026-08-04T19:19:44.473037+00:00
20170605,53.981,reforecast,2026-08-04T19:19:47.001733+00:00
20170606,35.808,reforecast,2026-08-04T19:19:49.456901+00:00
20170607,32.801,reforecast,2026-08-04T19:19:51.979982+00:00
20170608,26.492,reforecast,2026-08-04T19:19:54.395322+00:00
20170609,86.273,reforecast,2026-08-04T19:19:57.144340+00:00
20170610,75.040,reforecast,2026-08-04T19:20:00.098404+00:00
20170612,31.131,reforecast,2026-08-04T19:20:02.787442+00:00
20170613,16.204,reforecast,2026-08-04T19:20:05.414881+00:00
20170614,26.728,reforecast,2026-08-04T19:20:08.158946+00:00
20170615,37.483,reforecast,2026-08-04T19:20:10.615975+00:00
20170616,12.168,reforecast,2026-08-04T19:20:13.139924+00:00
20170617,24.579,reforecast,2026-08-04T19:20:15.608017+00:00
20170619,77.129,reforecast,2026-08-04T19:20:18.079347+00:00
20170620,78.167,reforecast,2026-08-04T19:20:21.062292+00:00
20170621,52.088,reforecast,2026-08-04T19:20:23.605848+00:00
20170622,33.643,reforecast,2026-08-04T19:20:26.109919+00:00
20170623,50.296,reforecast,2026-08-04T19:20:28.889861+00:00
20170624,145.309,reforecast,2026-08-04T19:20:31.578636+00:00
20170627,81.294,reforecast,2026-08-04T19:20:34.485232+00:00
20170628,43.757,reforecast,2026-08-04T19:20:36.948239+00:00
20170629,21.552,reforecast,2026-08-04T19:20:39.494933+00:00
20170630,17.714,reforecast,2026-08-04T19:20:42.224403+00:00
20170701,8.602,reforecast,2026-08-04T19:20:44.702976+00:00
20170703,30.193,reforecast,2026-08-04T19:20:47.306896+00:00
20170704,17.456,reforecast,2026-08-04T19:20:49.829423+00:00
20170705,21.181,reforecast,2026-08-04T19:20:52.323446+00:00
20170706,34.171,reforecast,2026-08-04T19:20:54.790181+00:00
20170707,29.879,reforecast,2026-08-04T19:20:57.337351+00:00
20170708,40.489,reforecast,2026-08-04T19:21:00.266810+00:00
20170710,38.889,reforecast,2026-08-04T19:21:02.842989+00:00
20170711,42.523,reforecast,2026-08-04T19:21:05.436601+00:00
20170712,35.206,reforecast,2026-08-04T19:21:08.152544+00:00
20170713,19.628,reforecast,2026-08-04T19:21:10.615288+00:00
20170714,15.510,reforecast,2026-08-04T19:21:12.999680+00:00
20170715,22.572,reforecast,2026-08-04T19:21:15.557514+00:00
20170717,44.459,reforecast,2026-08-04T19:21:19.081811+00:00
20170718,59.607,reforecast,2026-08-04T19:21:21.688379+00:00
20170719,40.283,reforecast,2026-08-04T19:21:24.310103+00:00
20170720,13.046,reforecast,2026-08-04T19:21:26.863519+00:00
20170721,4.311,reforecast,2026-08-04T19:21:29.622015+00:00
20170722,11.839,reforecast,2026-08-04T19:21:32.485036+00:00
20170724,17.601,reforecast,2026-08-04T19:21:34.975325+00:00
20170725,17.527,reforecast,2026-08-04T19:21:37.606197+00:00
20170726,19.462,reforecast,2026-08-04T19:21:40.214888+00:00
20170727,15.451,reforecast,2026-08-04T19:21:42.652808+00:00
20170728,14.843,reforecast,2026-08-04T19:21:44.995180+00:00
20170729,52.032,reforecast,2026-08-04T19:21:47.444892+00:00
20170731,72.944,reforecast,2026-08-04T19:21:50.003772+00:00
20170801,54.263,reforecast,2026-08-04T19:21:52.568580+00:00
20170802,118.480,reforecast,2026-08-04T19:21:55.223307+00:00
20170803,59.041,reforecast,2026-08-04T19:21:57.888819+00:00
20170804,67.887,reforecast,2026-08-04T19:22:00.474917+00:00
20170805,60.598,reforecast,2026-08-04T19:22:03.196796+00:00
20170807,111.506,reforecast,2026-08-04T19:22:05.944861+00:00
20170808,62.478,reforecast,2026-08-04T19:22:08.904234+00:00
20170809,57.040,reforecast,2026-08-04T19:22:11.438161+00:00
20170810,55.272,reforecast,2026-08-04T19:22:14.291991+00:00
20170811,34.287,reforecast,2026-08-04T19:22:16.906747+00:00
20170812,11.812,reforecast,2026-08-04T19:22:19.468115+00:00
20170814,43.851,reforecast,2026-08-04T19:22:21.964990+00:00
20170816,56.796,reforecast,2026-08-04T19:22:24.519507+00:00
20170817,69.910,reforecast,2026-08-04T19:22:26.965897+00:00
20170818,73.197,reforecast,2026-08-04T19:22:29.661612+00:00
20170819,93.966,reforecast,2026-08-04T19:22:32.196275+00:00
20170821,44.438,reforecast,2026-08-04T19:22:36.128839+00:00
20170822,28.051,reforecast,2026-08-04T19:22:38.777017+00:00
20170823,57.060,reforecast,2026-08-04T19:22:41.247785+00:00
20170824,92.054,reforecast,2026-08-04T19:22:43.792778+00:00
20170825,57.289,reforecast,2026-08-04T19:22:46.209370+00:00
20170826,43.910,reforecast,2026-08-04T19:22:48.645133+00:00
20170828,65.394,reforecast,2026-08-04T19:22:51.139591+00:00
20170829,84.018,reforecast,2026-08-04T19:22:53.699662+00:00
20170830,74.101,reforecast,2026-08-04T19:22:56.191149+00:00
20170831,44.071,reforecast,2026-08-04T19:22:58.680723+00:00
20170902,90.956,reforecast,2026-08-04T19:23:01.118136+00:00
20170905,72.058,reforecast,2026-08-04T19:23:03.432711+00:00
20170906,67.457,reforecast,2026-08-04T19:23:05.864890+00:00
20170907,97.607,reforecast,2026-08-04T19:23:08.650642+00:00
20170908,184.376,reforecast,2026-08-04T19:23:11.337026+00:00
20170909,106.772,reforecast,2026-08-04T19:23:14.204808+00:00
20170911,102.593,reforecast,2026-08-04T19:23:16.638729+00:00
20170912,105.502,reforecast,2026-08-04T19:23:19.085861+00:00
20170913,104.980,reforecast,2026-08-04T19:23:21.556290+00:00
20170914,111.264,reforecast,2026-08-04T19:23:24.057430+00:00
20170915,146.849,reforecast,2026-08-04T19:23:26.542163+00:00
20170916,130.021,reforecast,2026-08-04T19:23:29.192486+00:00
20170918,39.361,reforecast,2026-08-04T19:23:31.553945+00:00
20170919,32.453,reforecast,2026-08-04T19:23:33.962360+00:00
20170920,23.372,reforecast,2026-08-04T19:23:36.541022+00:00
20170921,48.168,reforecast,2026-08-04T19:23:39.014331+00:00
20170922,17.520,reforecast,2026-08-04T19:23:41.523972+00:00
20170923,23.563,reforecast,2026-08-04T19:23:44.119386+00:00
20170925,39.312,reforecast,2026-08-04T19:23:46.663018+00:00
20170926,36.492,reforecast,2026-08-04T19:23:49.154650+00:00
20170927,49.618,reforecast,2026-08-04T19:23:51.823714+00:00
20170928,50.128,reforecast,2026-08-04T19:23:54.344049+00:00
20170930,12.263,reforecast,2026-08-04T19:23:56.758686+00:00
20171003,38.977,reforecast,2026-08-04T19:23:59.140764+00:00
20171004,43.062,reforecast,2026-08-04T19:24:02.406538+00:00
20171005,68.084,reforecast,2026-08-04T19:24:05.023840+00:00
20171006,62.357,reforecast,2026-08-04T19:24:08.791972+00:00
20171007,41.739,reforecast,2026-08-04T19:24:12.855029+00:00
20171009,12.247,reforecast,2026-08-04T19:24:15.481204+00:00
20171010,70.636,reforecast,2026-08-04T19:24:18.121933+00:00
20171011,77.346,reforecast,2026-08-04T19:24:20.661760+00:00
20171012,79.987,reforecast,2026-08-04T19:24:23.374282+00:00
20171013,68.853,reforecast,2026-08-04T19:24:25.883284+00:00
20171014,86.886,reforecast,2026-08-04T19:24:28.469764+00:00
20171016,118.767,reforecast,2026-08-04T19:24:30.970598+00:00
20171017,110.179,reforecast,2026-08-04T19:24:33.548573+00:00
20171020,47.696,reforecast,2026-08-04T19:24:35.961575+00:00
20171021,43.286,reforecast,2026-08-04T19:24:38.438950+00:00
20171023,188.938,reforecast,2026-08-04T19:24:40.954085+00:00
20171024,151.012,reforecast,2026-08-04T19:24:43.431294+00:00
20171025,198.990,reforecast,2026-08-04T19:24:46.069707+00:00
20171026,153.477,reforecast,2026-08-04T19:24:48.539317+00:00
20171027,189.352,reforecast,2026-08-04T19:24:51.288596+00:00
20171028,162.578,reforecast,2026-08-04T19:24:53.846818+00:00
20171030,179.111,reforecast,2026-08-04T19:24:56.361072+00:00
20171031,185.722,reforecast,2026-08-04T19:24:59.022923+00:00
20171101,146.539,reforecast,2026-08-04T19:25:02.324240+00:00
20171102,105.914,reforecast,2026-08-04T19:25:04.927873+00:00
20171103,114.926,reforecast,2026-08-04T19:25:07.532231+00:00
20171104,176.247,reforecast,2026-08-04T19:25:10.111452+00:00
20171106,166.207,reforecast,2026-08-04T19:25:12.671555+00:00
20171107,65.486,reforecast,2026-08-04T19:25:15.225813+00:00
20171108,73.800,reforecast,2026-08-04T19:25:17.788627+00:00
20171109,23.933,reforecast,2026-08-04T19:25:20.308722+00:00
20171110,75.856,reforecast,2026-08-04T19:25:22.947147+00:00
20171111,23.373,reforecast,2026-08-04T19:25:25.392011+00:00
20171113,0.903,reforecast,2026-08-04T19:25:28.147754+00:00
20171114,9.093,reforecast,2026-08-04T19:25:30.707125+00:00
20171115,8.280,reforecast,2026-08-04T19:25:33.130561+00:00
20171116,21.617,reforecast,2026-08-04T19:25:35.696044+00:00
20171117,18.842,reforecast,2026-08-04T19:25:38.723657+00:00
20171118,46.287,reforecast,2026-08-04T19:25:41.548130+00:00
20171120,45.451,reforecast,2026-08-04T19:25:44.102332+00:00
20171121,23.188,reforecast,2026-08-04T19:25:46.842527+00:00
20171122,23.907,reforecast,2026-08-04T19:25:49.327325+00:00
20171123,25.093,reforecast,2026-08-04T19:25:51.917371+00:00
20171124,25.703,reforecast,2026-08-04T19:25:54.518883+00:00
20171125,34.496,reforecast,2026-08-04T19:25:57.391743+00:00
20171127,34.966,reforecast,2026-08-04T19:26:00.225872+00:00
20171128,35.859,reforecast,2026-08-04T19:26:02.967530+00:00
20171129,112.237,reforecast,2026-08-04T19:26:05.555585+00:00
20171130,74.679,reforecast,2026-08-04T19:26:08.151429+00:00
20171201,25.290,reforecast,2026-08-04T19:26:10.669148+00:00
20171202,13.721,reforecast,2026-08-04T19:26:13.210298+00:00
20171204,30.190,reforecast,2026-08-04T19:26:15.787107+00:00
20171205,40.816,reforecast,2026-08-04T19:26:18.492024+00:00
20171206,31.653,reforecast,2026-08-04T19:26:21.086240+00:00
20171207,31.368,reforecast,2026-08-04T19:26:23.751066+00:00
20171208,29.300,reforecast,2026-08-04T19:26:26.417373+00:00
20171209,47.666,reforecast,2026-08-04T19:26:29.099143+00:00
20171211,111.547,reforecast,2026-08-04T19:26:31.800648+00:00
20171212,93.008,reforecast,2026-08-04T19:26:34.197327+00:00
20171213,75.751,reforecast,2026-08-04T19:26:36.632829+00:00
20171214,32.911,reforecast,2026-08-04T19:26:39.168137+00:00
20171215,5.442,reforecast,2026-08-04T19:26:41.690888+00:00
20171216,9.680,reforecast,2026-08-04T19:26:44.004657+00:00
20171218,3.484,reforecast,2026-08-04T19:26:46.459166+00:00
20171219,2.940,reforecast,2026-08-04T19:26:48.857746+00:00
20171220,3.431,reforecast,2026-08-04T19:26:51.406517+00:00
20171221,4.331,reforecast,2026-08-04T19:26:53.854868+00:00
20171222,1.130,reforecast,2026-08-04T19:26:56.309694+00:00
20171223,0.578,reforecast,2026-08-04T19:26:58.753382+00:00
20171226,0.736,reforecast,2026-08-04T19:27:01.154686+00:00
20171228,0.000,reforecast,2026-08-04T19:27:03.908038+00:00
20171229,0.690,reforecast,2026-08-04T19:27:06.580893+00:00
20171230,1.497,reforecast,2026-08-04T19:27:09.114062+00:00
20180101,4.069,reforecast,2026-08-04T19:27:11.620549+00:00
20180102,6.743,reforecast,2026-08-04T19:27:14.701621+00:00
20180103,5.530,reforecast,2026-08-04T19:27:17.218968+00:00
20180104,3.171,reforecast,2026-08-04T19:27:19.622729+00:00
20180105,2.869,reforecast,2026-08-04T19:27:22.078121+00:00
20180106,4.618,reforecast,2026-08-04T19:27:24.611510+00:00
20180108,5.186,reforecast,2026-08-04T19:27:27.103207+00:00
20180109,11.128,reforecast,2026-08-04T19:27:29.846896+00:00
20180110,6.467,reforecast,2026-08-04T19:27:32.585962+00:00
20180111,6.268,reforecast,2026-08-04T19:27:35.141956+00:00
20180112,4.966,reforecast,2026-08-04T19:27:37.721905+00:00
20180113,1.229,reforecast,2026-08-04T19:27:40.220173+00:00
20180115,1.489,reforecast,2026-08-04T19:27:42.706737+00:00
20180116,2.293,reforecast,2026-08-04T19:27:45.232726+00:00
20180117,2.231,reforecast,2026-08-04T19:27:47.879757+00:00
20180118,0.000,reforecast,2026-08-04T19:27:50.501383+00:00
20180119,0.036,reforecast,2026-08-04T19:27:53.044726+00:00
20180120,1.268,reforecast,2026-08-04T19:27:55.539910+00:00
20180122,6.891,reforecast,2026-08-04T19:27:58.065498+00:00
20180123,8.997,reforecast,2026-08-04T19:28:00.711675+00:00
20180124,5.781,reforecast,2026-08-04T19:28:03.403914+00:00
20180125,5.484,reforecast,2026-08-04T19:28:05.807974+00:00
20180127,3.500,reforecast,2026-08-04T19:28:08.667124+00:00
20180129,0.000,reforecast,2026-08-04T19:28:11.260606+00:00
20180130,0.000,reforecast,2026-08-04T19:28:14.017738+00:00
20180131,0.000,reforecast,2026-08-04T19:28:16.538769+00:00
20180201,0.289,reforecast,2026-08-04T19:28:18.999410+00:00
20180202,4.681,reforecast,2026-08-04T19:28:21.406947+00:00
20180203,14.419,reforecast,2026-08-04T19:28:23.873268+00:00
20180205,34.533,reforecast,2026-08-04T19:28:27.369888+00:00
20180206,85.920,reforecast,2026-08-04T19:28:30.045666+00:00
20180207,87.294,reforecast,2026-08-04T19:28:32.391197+00:00
20180208,62.813,reforecast,2026-08-04T19:28:34.929113+00:00
20180209,21.953,reforecast,2026-08-04T19:28:37.358948+00:00
20180210,1.130,reforecast,2026-08-04T19:28:39.900780+00:00
20180212,4.136,reforecast,2026-08-04T19:28:42.515402+00:00
20180213,0.181,reforecast,2026-08-04T19:28:45.561127+00:00
20180214,0.000,reforecast,2026-08-04T19:28:48.273292+00:00
20180215,0.038,reforecast,2026-08-04T19:28:50.820229+00:00
20180216,0.399,reforecast,2026-08-04T19:28:53.291675+00:00
20180217,0.128,reforecast,2026-08-04T19:28:55.866813+00:00
20180219,0.116,reforecast,2026-08-04T19:28:58.711772+00:00
20180220,0.023,reforecast,2026-08-04T19:29:01.212164+00:00
20180221,2.628,reforecast,2026-08-04T19:29:03.814632+00:00
20180222,0.633,reforecast,2026-08-04T19:29:06.744958+00:00
20180223,0.301,reforecast,2026-08-04T19:29:09.315773+00:00
20180224,0.074,reforecast,2026-08-04T19:29:11.725066+00:00
20180226,1.023,reforecast,2026-08-04T19:29:14.382731+00:00
20180227,0.022,reforecast,2026-08-04T19:29:16.938785+00:00
20180228,0.527,reforecast,2026-08-04T19:29:19.423857+00:00
20180301,0.011,reforecast,2026-08-04T19:29:21.795595+00:00
20180302,0.122,reforecast,2026-08-04T19:29:24.332630+00:00
20180303,0.067,reforecast,2026-08-04T19:29:26.715800+00:00
20180305,0.256,reforecast,2026-08-04T19:29:29.083352+00:00
20180306,0.196,reforecast,2026-08-04T19:29:32.165334+00:00
20180307,0.048,reforecast,2026-08-04T19:29:34.594076+00:00
20180308,3.768,reforecast,2026-08-04T19:29:37.618614+00:00
20180309,30.749,reforecast,2026-08-04T19:29:40.001260+00:00
20180310,18.308,reforecast,2026-08-04T19:29:42.371344+00:00
20180312,35.537,reforecast,2026-08-04T19:29:44.740082+00:00
20180313,75.636,reforecast,2026-08-04T19:29:47.088188+00:00
20180314,75.298,reforecast,2026-08-04T19:29:49.507570+00:00
20180315,89.288,reforecast,2026-08-04T19:29:52.115220+00:00
20180316,84.660,reforecast,2026-08-04T19:29:54.803556+00:00
20180317,69.913,reforecast,2026-08-04T19:29:57.178789+00:00
20180319,41.060,reforecast,2026-08-04T19:29:59.933864+00:00
20180320,30.027,reforecast,2026-08-04T19:30:02.263753+00:00
20180321,19.916,reforecast,2026-08-04T19:30:04.782046+00:00
20180322,18.739,reforecast,2026-08-04T19:30:07.199785+00:00
20180323,9.824,reforecast,2026-08-04T19:30:09.537275+00:00
20180324,4.216,reforecast,2026-08-04T19:30:11.952895+00:00
20180326,16.816,reforecast,2026-08-04T19:30:14.628034+00:00
20180327,27.029,reforecast,2026-08-04T19:30:17.042674+00:00
20180329,35.371,reforecast,2026-08-04T19:30:19.728070+00:00
20180402,33.727,reforecast,2026-08-04T19:30:22.315182+00:00
20180403,32.212,reforecast,2026-08-04T19:30:24.727562+00:00
20180404,43.239,reforecast,2026-08-04T19:30:27.266413+00:00
20180405,47.488,reforecast,2026-08-04T19:30:29.709032+00:00
20180406,32.564,reforecast,2026-08-04T19:30:32.371502+00:00
20180407,28.709,reforecast,2026-08-04T19:30:35.032904+00:00
20180409,23.827,reforecast,2026-08-04T19:30:37.435127+00:00
20180410,38.774,reforecast,2026-08-04T19:30:40.011532+00:00
20180411,56.991,reforecast,2026-08-04T19:30:42.507419+00:00
20180412,50.167,reforecast,2026-08-04T19:30:44.987294+00:00
20180416,30.234,reforecast,2026-08-04T19:30:47.415233+00:00
20180417,40.104,reforecast,2026-08-04T19:30:49.983607+00:00
20180418,44.590,reforecast,2026-08-04T19:30:52.516385+00:00
20180419,25.533,reforecast,2026-08-04T19:30:54.950382+00:00
20180420,33.798,reforecast,2026-08-04T19:30:57.601722+00:00
20180421,40.816,reforecast,2026-08-04T19:31:00.071444+00:00
20180423,33.183,reforecast,2026-08-04T19:31:02.642821+00:00
20180424,38.011,reforecast,2026-08-04T19:31:05.319062+00:00
20180425,31.640,reforecast,2026-08-04T19:31:07.808332+00:00
20180426,25.826,reforecast,2026-08-04T19:31:10.388733+00:00
20180427,25.989,reforecast,2026-08-04T19:31:17.959567+00:00
20180428,29.060,reforecast,2026-08-04T19:31:20.386038+00:00
20180430,47.504,reforecast,2026-08-04T19:31:23.317781+00:00
20180501,42.369,reforecast,2026-08-04T19:31:25.816616+00:00
20180502,51.200,reforecast,2026-08-04T19:31:33.499973+00:00
20180503,56.122,reforecast,2026-08-04T19:31:35.968637+00:00
20180504,45.656,reforecast,2026-08-04T19:31:38.589215+00:00
20180505,72.930,reforecast,2026-08-04T19:31:41.103075+00:00
20180507,75.600,reforecast,2026-08-04T19:31:44.028350+00:00
20180508,104.384,reforecast,2026-08-04T19:31:48.895485+00:00
20180509,69.394,reforecast,2026-08-04T19:31:52.394474+00:00
20180510,82.473,reforecast,2026-08-04T19:31:55.669754+00:00
20180511,68.929,reforecast,2026-08-04T19:31:58.573774+00:00
20180512,86.220,reforecast,2026-08-04T19:32:01.833702+00:00
20180514,81.088,reforecast,2026-08-04T19:32:05.170907+00:00
20180515,80.681,reforecast,2026-08-04T19:32:08.692216+00:00
20180516,60.707,reforecast,2026-08-04T19:32:11.872634+00:00
20180517,58.586,reforecast,2026-08-04T19:32:15.400197+00:00
20180518,54.362,reforecast,2026-08-04T19:32:18.555121+00:00
20180519,43.240,reforecast,2026-08-04T19:32:22.483671+00:00
20180521,51.510,reforecast,2026-08-04T19:32:25.592102+00:00
20180522,86.304,reforecast,2026-08-04T19:32:28.715818+00:00
20180523,383.568,reforecast,2026-08-04T19:32:32.288078+00:00
20180524,182.586,reforecast,2026-08-04T19:32:35.657261+00:00
20180525,110.849,reforecast,2026-08-04T19:32:39.102602+00:00
20180526,224.003,reforecast,2026-08-04T19:32:42.070164+00:00
20180528,106.139,reforecast,2026-08-04T19:32:45.390800+00:00
20180529,46.500,reforecast,2026-08-04T19:32:49.117793+00:00
20180531,40.299,reforecast,2026-08-04T19:32:57.299555+00:00
20180601,62.170,reforecast,2026-08-04T19:33:02.724529+00:00
20180602,132.332,reforecast,2026-08-04T19:33:06.398869+00:00
20180604,77.236,reforecast,2026-08-04T19:33:09.931596+00:00
20180605,104.182,reforecast,2026-08-04T19:33:15.524535+00:00
20180606,128.737,reforecast,2026-08-04T19:33:18.739063+00:00
20180607,151.439,reforecast,2026-08-04T19:33:21.528540+00:00
20180608,147.504,reforecast,2026-08-04T19:33:23.866131+00:00
20180609,152.889,reforecast,2026-08-04T19:33:26.252881+00:00
20180611,171.578,reforecast,2026-08-04T19:33:28.681585+00:00
20180612,50.757,reforecast,2026-08-04T19:33:31.117440+00:00
20180613,60.363,reforecast,2026-08-04T19:33:33.605644+00:00
20180614,33.048,reforecast,2026-08-04T19:33:36.319815+00:00
20180615,57.451,reforecast,2026-08-04T19:33:38.711983+00:00
20180618,102.230,reforecast,2026-08-04T19:33:41.293563+00:00
20180619,114.160,reforecast,2026-08-04T19:33:43.766466+00:00
20180620,67.802,reforecast,2026-08-04T19:33:46.106359+00:00
20180621,47.577,reforecast,2026-08-04T19:33:49.464902+00:00
20180623,47.650,reforecast,2026-08-04T19:33:51.829682+00:00
20180625,47.330,reforecast,2026-08-04T19:33:54.227244+00:00
20180626,41.986,reforecast,2026-08-04T19:34:01.696085+00:00
20180627,32.017,reforecast,2026-08-04T19:34:04.248323+00:00
20180628,41.492,reforecast,2026-08-04T19:34:06.850221+00:00
20180629,21.161,reforecast,2026-08-04T19:34:09.432531+00:00
20180630,21.794,reforecast,2026-08-04T19:34:12.212212+00:00
20180702,27.843,reforecast,2026-08-04T19:34:14.616249+00:00
20180703,46.059,reforecast,2026-08-04T19:34:17.629974+00:00
20180704,67.988,reforecast,2026-08-04T19:34:20.396073+00:00
20180705,103.228,reforecast,2026-08-04T19:34:23.234662+00:00
20180706,153.926,reforecast,2026-08-04T19:34:26.160879+00:00
20180709,156.490,reforecast,2026-08-04T19:34:29.136473+00:00
20180710,122.402,reforecast,2026-08-04T19:34:31.534851+00:00
20180711,94.383,reforecast,2026-08-04T19:34:34.246781+00:00
20180712,78.444,reforecast,2026-08-04T19:34:36.813222+00:00
20180713,119.156,reforecast,2026-08-04T19:34:39.380531+00:00
20180714,141.626,reforecast,2026-08-04T19:34:42.643185+00:00
20180716,170.426,reforecast,2026-08-04T19:34:45.042495+00:00
20180717,124.604,reforecast,2026-08-04T19:34:47.484654+00:00
20180718,87.028,reforecast,2026-08-04T19:34:50.068364+00:00
20180719,93.181,reforecast,2026-08-04T19:34:52.672565+00:00
20180720,72.210,reforecast,2026-08-04T19:34:55.298289+00:00
20180721,50.806,reforecast,2026-08-04T19:34:57.811058+00:00
20180723,37.636,reforecast,2026-08-04T19:35:00.557613+00:00
20180724,43.069,reforecast,2026-08-04T19:35:03.133618+00:00
20180725,34.127,reforecast,2026-08-04T19:35:05.568601+00:00
20180726,39.288,reforecast,2026-08-04T19:35:08.134669+00:00
20180727,40.333,reforecast,2026-08-04T19:35:10.548889+00:00
20180728,48.646,reforecast,2026-08-04T19:35:13.153299+00:00
20180730,52.148,reforecast,2026-08-04T19:35:15.511903+00:00
20180731,27.182,reforecast,2026-08-04T19:35:18.363006+00:00
20180801,14.490,reforecast,2026-08-04T19:35:21.655828+00:00
20180802,20.691,reforecast,2026-08-04T19:35:24.267592+00:00
20180803,27.740,reforecast,2026-08-04T19:35:27.860249+00:00
20180806,33.961,reforecast,2026-08-04T19:35:30.417584+00:00
20180807,81.713,reforecast,2026-08-04T19:35:32.788648+00:00
20180809,96.554,reforecast,2026-08-04T19:35:35.130739+00:00
20180810,109.030,reforecast,2026-08-04T19:35:37.662619+00:00
20180811,205.774,reforecast,2026-08-04T19:35:40.014813+00:00
20180813,173.404,reforecast,2026-08-04T19:35:42.508635+00:00
20180814,219.264,reforecast,2026-08-04T19:35:44.910095+00:00
20180816,163.456,reforecast,2026-08-04T19:35:47.434880+00:00
20180817,75.430,reforecast,2026-08-04T19:35:50.311479+00:00
20180818,82.911,reforecast,2026-08-04T19:35:53.054641+00:00
20180820,24.366,reforecast,2026-08-04T19:35:55.547336+00:00
20180823,28.249,reforecast,2026-08-04T19:35:57.991938+00:00
20180824,31.914,reforecast,2026-08-04T19:36:00.561525+00:00
20180827,46.521,reforecast,2026-08-04T19:36:02.921730+00:00
20180828,33.832,reforecast,2026-08-04T19:36:05.277363+00:00
20180829,44.030,reforecast,2026-08-04T19:36:08.004768+00:00
20180830,34.021,reforecast,2026-08-04T19:36:10.433783+00:00
20180831,26.001,reforecast,2026-08-04T19:36:12.844026+00:00
20180901,13.243,reforecast,2026-08-04T19:36:15.230744+00:00
20180903,3.230,reforecast,2026-08-04T19:36:17.748197+00:00
20180904,2.160,reforecast,2026-08-04T19:36:20.180175+00:00
20180905,4.737,reforecast,2026-08-04T19:36:22.713342+00:00
20180906,35.804,reforecast,2026-08-04T19:36:25.179818+00:00
20180908,31.207,reforecast,2026-08-04T19:36:27.494256+00:00
20180910,26.244,reforecast,2026-08-04T19:36:29.822557+00:00
20180911,19.837,reforecast,2026-08-04T19:36:32.117523+00:00
20180912,8.876,reforecast,2026-08-04T19:36:34.516468+00:00
20180913,35.374,reforecast,2026-08-04T19:36:36.947529+00:00
20180914,31.512,reforecast,2026-08-04T19:36:40.148503+00:00
20180915,30.129,reforecast,2026-08-04T19:36:43.213065+00:00
20180917,20.081,reforecast,2026-08-04T19:36:46.130795+00:00
20180918,19.958,reforecast,2026-08-04T19:36:48.822308+00:00
20180919,88.781,reforecast,2026-08-04T19:36:51.493104+00:00
20180920,75.088,reforecast,2026-08-04T19:36:54.016614+00:00
20180921,149.416,reforecast,2026-08-04T19:36:56.500218+00:00
20180924,119.167,reforecast,2026-08-04T19:36:58.897101+00:00
20180925,109.117,reforecast,2026-08-04T19:37:01.418303+00:00
20180926,175.832,reforecast,2026-08-04T19:37:03.869322+00:00
20180927,184.049,reforecast,2026-08-04T19:37:06.137055+00:00
20180928,187.994,reforecast,2026-08-04T19:37:08.774779+00:00
20180929,133.188,reforecast,2026-08-04T19:37:11.402498+00:00
20181001,143.731,reforecast,2026-08-04T19:37:14.161521+00:00
20181003,196.243,reforecast,2026-08-04T19:37:16.699966+00:00
20181004,229.218,reforecast,2026-08-04T19:37:19.235801+00:00
20181005,142.096,reforecast,2026-08-04T19:37:21.949002+00:00
20181006,99.629,reforecast,2026-08-04T19:37:24.592399+00:00
20181008,169.151,reforecast,2026-08-04T19:37:27.156129+00:00
20181010,84.782,reforecast,2026-08-04T19:37:29.814758+00:00
20181011,100.923,reforecast,2026-08-04T19:37:32.322266+00:00
20181012,138.278,reforecast,2026-08-04T19:37:34.850169+00:00
20181013,133.426,reforecast,2026-08-04T19:37:37.538055+00:00
20181015,110.973,reforecast,2026-08-04T19:37:40.496649+00:00
20181016,158.496,reforecast,2026-08-04T19:37:42.904566+00:00
20181017,201.213,reforecast,2026-08-04T19:37:45.780675+00:00
20181018,129.822,reforecast,2026-08-04T19:37:48.598464+00:00
20181020,189.557,reforecast,2026-08-04T19:37:51.395364+00:00
20181022,45.781,reforecast,2026-08-04T19:37:54.401501+00:00
20181023,19.724,reforecast,2026-08-04T19:37:56.817805+00:00
20181024,2.443,reforecast,2026-08-04T19:37:59.612854+00:00
20181026,2.676,reforecast,2026-08-04T19:38:02.670820+00:00
20181027,23.883,reforecast,2026-08-04T19:38:05.690196+00:00
20181029,126.000,reforecast,2026-08-04T19:38:08.855060+00:00
20181030,106.018,reforecast,2026-08-04T19:38:11.309111+00:00
20181031,68.489,reforecast,2026-08-04T19:38:14.276188+00:00
20181101,87.710,reforecast,2026-08-04T19:38:17.389979+00:00
20181102,55.088,reforecast,2026-08-04T19:38:20.521555+00:00
20181103,41.483,reforecast,2026-08-04T19:38:22.990542+00:00
20181105,44.729,reforecast,2026-08-04T19:38:25.533780+00:00
20181107,24.380,reforecast,2026-08-04T19:38:27.886676+00:00
20181108,25.323,reforecast,2026-08-04T19:38:30.322032+00:00
20181109,19.112,reforecast,2026-08-04T19:38:33.463404+00:00
20181110,10.377,reforecast,2026-08-04T19:38:35.964895+00:00
20181112,12.289,reforecast,2026-08-04T19:38:38.905842+00:00
20181113,94.517,reforecast,2026-08-04T19:38:41.323450+00:00
20181114,62.624,reforecast,2026-08-04T19:38:44.353336+00:00
20181115,50.322,reforecast,2026-08-04T19:38:47.592535+00:00
20181116,260.723,reforecast,2026-08-04T19:38:50.237996+00:00
20181117,51.121,reforecast,2026-08-04T19:38:53.205340+00:00
20181119,100.306,reforecast,2026-08-04T19:38:55.558320+00:00
20181120,97.389,reforecast,2026-08-04T19:38:57.926661+00:00
20181121,98.400,reforecast,2026-08-04T19:39:00.602717+00:00
20181122,83.548,reforecast,2026-08-04T19:39:03.108567+00:00
20181123,78.837,reforecast,2026-08-04T19:39:05.822943+00:00
20181124,51.759,reforecast,2026-08-04T19:39:08.136320+00:00
20181126,21.330,reforecast,2026-08-04T19:39:10.947465+00:00
20181127,32.651,reforecast,2026-08-04T19:39:13.419308+00:00
20181128,73.012,reforecast,2026-08-04T19:39:16.417286+00:00
20181129,89.294,reforecast,2026-08-04T19:39:19.034704+00:00
20181130,39.953,reforecast,2026-08-04T19:39:21.985211+00:00
20181201,37.296,reforecast,2026-08-04T19:39:24.372501+00:00
20181203,15.874,reforecast,2026-08-04T19:39:26.816353+00:00
20181204,51.972,reforecast,2026-08-04T19:39:29.249618+00:00
20181205,73.126,reforecast,2026-08-04T19:39:31.685019+00:00
20181206,23.924,reforecast,2026-08-04T19:39:34.144763+00:00
20181207,5.933,reforecast,2026-08-04T19:39:36.678589+00:00
20181208,3.717,reforecast,2026-08-04T19:39:39.426714+00:00
20181210,10.500,reforecast,2026-08-04T19:39:42.381870+00:00
20181211,10.900,reforecast,2026-08-04T19:39:45.432528+00:00
20181212,7.106,reforecast,2026-08-04T19:39:48.374134+00:00
20181213,13.664,reforecast,2026-08-04T19:39:50.741845+00:00
20181214,3.791,reforecast,2026-08-04T19:39:53.228908+00:00
20181215,2.770,reforecast,2026-08-04T19:39:55.801398+00:00
20181217,9.152,reforecast,2026-08-04T19:39:58.151749+00:00
20181218,15.141,reforecast,2026-08-04T19:40:01.074328+00:00
20181219,14.539,reforecast,2026-08-04T19:40:03.891918+00:00
20181220,11.942,reforecast,2026-08-04T19:40:06.332332+00:00
20181221,18.927,reforecast,2026-08-04T19:40:08.800271+00:00
20181222,101.976,reforecast,2026-08-04T19:40:11.626614+00:00
20181224,49.424,reforecast,2026-08-04T19:40:14.015931+00:00
20181226,14.191,reforecast,2026-08-04T19:40:16.351468+00:00
20181227,18.649,reforecast,2026-08-04T19:40:18.733403+00:00
20181228,23.622,reforecast,2026-08-04T19:40:21.600027+00:00
20181229,17.500,reforecast,2026-08-04T19:40:24.249461+00:00
20181231,0.200,reforecast,2026-08-04T19:40:26.538294+00:00
20190101,0.002,reforecast,2026-08-04T19:40:29.378424+00:00
20190102,0.000,reforecast,2026-08-04T19:40:32.144207+00:00
20190103,0.000,reforecast,2026-08-04T19:40:35.447891+00:00
20190104,0.000,reforecast,2026-08-04T19:40:38.221252+00:00
20190105,0.000,reforecast,2026-08-04T19:40:41.084697+00:00
20190107,0.000,reforecast,2026-08-04T19:40:43.556490+00:00
20190108,0.000,reforecast,2026-08-04T19:40:46.865617+00:00
20190109,0.000,reforecast,2026-08-04T19:40:49.353146+00:00
20190110,0.000,reforecast,2026-08-04T19:40:52.657167+00:00
20190111,0.002,reforecast,2026-08-04T19:40:55.190377+00:00
20190114,0.027,reforecast,2026-08-04T19:40:58.099416+00:00
20190116,0.000,reforecast,2026-08-04T19:41:01.287130+00:00
20190117,0.003,reforecast,2026-08-04T19:41:04.610049+00:00
20190118,0.001,reforecast,2026-08-04T19:41:07.657135+00:00
20190119,0.016,reforecast,2026-08-04T19:41:10.151522+00:00
20190121,0.112,reforecast,2026-08-04T19:41:12.583735+00:00
20190122,6.337,reforecast,2026-08-04T19:41:15.923474+00:00
20190123,14.100,reforecast,2026-08-04T19:41:18.615583+00:00
20190124,22.351,reforecast,2026-08-04T19:41:21.223415+00:00
20190125,11.933,reforecast,2026-08-04T19:41:23.834549+00:00
20190128,8.528,reforecast,2026-08-04T19:41:26.919495+00:00
20190129,4.012,reforecast,2026-08-04T19:41:30.035996+00:00
20190130,0.522,reforecast,2026-08-04T19:41:32.734574+00:00
20190131,0.730,reforecast,2026-08-04T19:41:35.750175+00:00
20190201,14.547,reforecast,2026-08-04T19:41:38.950256+00:00
20190202,0.917,reforecast,2026-08-04T19:41:41.415781+00:00
20190204,1.138,reforecast,2026-08-04T19:41:44.230889+00:00
20190205,7.744,reforecast,2026-08-04T19:41:47.212978+00:00
20190206,9.571,reforecast,2026-08-04T19:41:49.572957+00:00
20190207,29.894,reforecast,2026-08-04T19:41:56.971449+00:00
20190208,41.364,reforecast,2026-08-04T19:41:59.834945+00:00
20190209,57.000,reforecast,2026-08-04T19:42:02.302286+00:00
20190211,4.666,reforecast,2026-08-04T19:42:05.091436+00:00
20190212,5.193,reforecast,2026-08-04T19:42:07.907879+00:00
20190213,9.702,reforecast,2026-08-04T19:42:10.237280+00:00
20190214,5.509,reforecast,2026-08-04T19:42:14.127179+00:00
20190215,14.406,reforecast,2026-08-04T19:42:17.408947+00:00
20190216,12.908,reforecast,2026-08-04T19:42:20.790774+00:00
20190218,9.944,reforecast,2026-08-04T19:42:23.101317+00:00
20190219,5.587,reforecast,2026-08-04T19:42:26.415281+00:00
20190220,0.108,reforecast,2026-08-04T19:42:29.404116+00:00
20190221,0.000,reforecast,2026-08-04T19:42:33.260417+00:00
20190222,0.156,reforecast,2026-08-04T19:42:36.002553+00:00
20190223,0.078,reforecast,2026-08-04T19:42:38.779025+00:00
20190225,1.543,reforecast,2026-08-04T19:42:41.393629+00:00
20190226,8.679,reforecast,2026-08-04T19:42:43.870611+00:00
20190227,2.562,reforecast,2026-08-04T19:42:46.256315+00:00
20190228,7.163,reforecast,2026-08-04T19:42:49.526238+00:00
20190301,3.430,reforecast,2026-08-04T19:42:52.658121+00:00
20190302,7.070,reforecast,2026-08-04T19:42:55.692660+00:00
20190304,7.698,reforecast,2026-08-04T19:42:58.096200+00:00
20190305,8.946,reforecast,2026-08-04T19:43:01.519704+00:00
20190306,10.478,reforecast,2026-08-04T19:43:04.606423+00:00
20190307,12.847,reforecast,2026-08-04T19:43:07.480054+00:00
20190308,12.424,reforecast,2026-08-04T19:43:10.376514+00:00
20190309,25.237,reforecast,2026-08-04T19:43:13.785814+00:00
20190311,1.646,reforecast,2026-08-04T19:43:16.830384+00:00
20190312,0.033,reforecast,2026-08-04T19:43:19.288575+00:00
20190313,0.028,reforecast,2026-08-04T19:43:21.836705+00:00
20190314,0.107,reforecast,2026-08-04T19:43:24.605883+00:00
20190315,0.542,reforecast,2026-08-04T19:43:27.084797+00:00
20190316,1.660,reforecast,2026-08-04T19:43:29.694481+00:00
20190318,5.628,reforecast,2026-08-04T19:43:32.136515+00:00
20190319,3.839,reforecast,2026-08-04T19:43:34.967381+00:00
20190320,2.709,reforecast,2026-08-04T19:43:37.373261+00:00
20190321,0.989,reforecast,2026-08-04T19:43:40.336272+00:00
20190322,1.300,reforecast,2026-08-04T19:43:42.808094+00:00
20190323,3.079,reforecast,2026-08-04T19:43:45.505498+00:00
20190325,4.963,reforecast,2026-08-04T19:43:48.189655+00:00
20190326,5.834,reforecast,2026-08-04T19:43:50.717229+00:00
20190327,6.493,reforecast,2026-08-04T19:43:53.129688+00:00
20190328,6.814,reforecast,2026-08-04T19:43:55.860557+00:00
20190329,9.024,reforecast,2026-08-04T19:43:58.529840+00:00
20190330,6.957,reforecast,2026-08-04T19:44:01.192959+00:00
20190401,5.230,reforecast,2026-08-04T19:44:03.569248+00:00
20190402,2.747,reforecast,2026-08-04T19:44:06.323660+00:00
20190403,4.794,reforecast,2026-08-04T19:44:08.887365+00:00
20190404,17.882,reforecast,2026-08-04T19:44:11.984651+00:00
20190405,26.084,reforecast,2026-08-04T19:44:14.550566+00:00
20190406,28.676,reforecast,2026-08-04T19:44:17.399264+00:00
20190408,28.187,reforecast,2026-08-04T19:44:20.301754+00:00
20190410,15.373,reforecast,2026-08-04T19:44:22.893321+00:00
20190411,12.481,reforecast,2026-08-04T19:44:25.419296+00:00
20190412,14.644,reforecast,2026-08-04T19:44:27.903078+00:00
20190413,44.874,reforecast,2026-08-04T19:44:30.784305+00:00
20190416,83.873,reforecast,2026-08-04T19:44:33.043425+00:00
20190417,85.274,reforecast,2026-08-04T19:44:35.353067+00:00
20190422,49.980,reforecast,2026-08-04T19:44:37.909479+00:00
20190424,22.646,reforecast,2026-08-04T19:44:40.197175+00:00
20190425,28.421,reforecast,2026-08-04T19:44:42.558767+00:00
20190426,23.844,reforecast,2026-08-04T19:44:44.922293+00:00
20190427,26.884,reforecast,2026-08-04T19:44:47.936336+00:00
20190429,20.254,reforecast,2026-08-04T19:44:50.751706+00:00
20190430,16.826,reforecast,2026-08-04T19:44:53.093113+00:00
20190501,15.553,reforecast,2026-08-04T19:44:55.513995+00:00
20190502,3.688,reforecast,2026-08-04T19:44:58.522283+00:00
20190503,11.766,reforecast,2026-08-04T19:45:01.082214+00:00
20190504,18.041,reforecast,2026-08-04T19:45:03.467037+00:00
20190506,19.373,reforecast,2026-08-04T19:45:06.688261+00:00
20190507,15.250,reforecast,2026-08-04T19:45:09.698764+00:00
20190508,14.687,reforecast,2026-08-04T19:45:12.092988+00:00
20190509,37.736,reforecast,2026-08-04T19:45:14.482099+00:00
20190510,35.609,reforecast,2026-08-04T19:45:17.123726+00:00
20190511,49.772,reforecast,2026-08-04T19:45:19.572401+00:00
20190513,41.304,reforecast,2026-08-04T19:45:21.995617+00:00
20190514,32.337,reforecast,2026-08-04T19:45:24.991907+00:00
20190515,41.150,reforecast,2026-08-04T19:45:27.362248+00:00
20190516,39.167,reforecast,2026-08-04T19:45:29.827994+00:00
20190517,37.817,reforecast,2026-08-04T19:45:32.245059+00:00
20190518,38.178,reforecast,2026-08-04T19:45:34.794760+00:00
20190520,34.087,reforecast,2026-08-04T19:45:37.172879+00:00
20190521,44.290,reforecast,2026-08-04T19:45:40.280131+00:00
20190522,47.666,reforecast,2026-08-04T19:45:43.311956+00:00
20190523,38.048,reforecast,2026-08-04T19:45:45.684099+00:00
20190524,38.707,reforecast,2026-08-04T19:45:48.477276+00:00
20190525,23.139,reforecast,2026-08-04T19:45:51.198098+00:00
20190527,28.794,reforecast,2026-08-04T19:45:54.168958+00:00
20190528,31.098,reforecast,2026-08-04T19:45:56.647475+00:00
20190529,46.302,reforecast,2026-08-04T19:45:59.699018+00:00
20190530,29.739,reforecast,2026-08-04T19:46:02.120285+00:00
20190531,39.640,reforecast,2026-08-04T19:46:05.236895+00:00
20190603,45.229,reforecast,2026-08-04T19:46:07.645959+00:00
20190604,55.122,reforecast,2026-08-04T19:46:10.935837+00:00
20190606,29.433,reforecast,2026-08-04T19:46:13.984703+00:00
20190607,76.556,reforecast,2026-08-04T19:46:17.359290+00:00
20190608,163.561,reforecast,2026-08-04T19:46:20.122397+00:00
20190610,116.900,reforecast,2026-08-04T19:46:22.522489+00:00
20190612,61.829,reforecast,2026-08-04T19:46:25.411828+00:00
20190613,31.109,reforecast,2026-08-04T19:46:27.855375+00:00
20190614,21.072,reforecast,2026-08-04T19:46:30.830562+00:00
20190615,34.271,reforecast,2026-08-04T19:46:33.268853+00:00
20190618,70.450,reforecast,2026-08-04T19:46:35.824873+00:00
20190619,140.723,reforecast,2026-08-04T19:46:38.992076+00:00
20190620,150.662,reforecast,2026-08-04T19:46:41.637383+00:00
20190621,100.887,reforecast,2026-08-04T19:46:44.500865+00:00
20190622,113.462,reforecast,2026-08-04T19:46:47.033893+00:00
20190624,28.249,reforecast,2026-08-04T19:46:49.492919+00:00
20190626,28.229,reforecast,2026-08-04T19:46:52.431179+00:00
20190627,37.620,reforecast,2026-08-04T19:46:55.170999+00:00
20190628,43.757,reforecast,2026-08-04T19:46:57.712427+00:00
20190629,46.731,reforecast,2026-08-04T19:47:00.462009+00:00
20190702,52.544,reforecast,2026-08-04T19:47:02.858864+00:00
20190703,31.794,reforecast,2026-08-04T19:47:05.364404+00:00
20190704,24.206,reforecast,2026-08-04T19:47:07.851064+00:00
20190705,32.987,reforecast,2026-08-04T19:47:10.380125+00:00
20190706,19.248,reforecast,2026-08-04T19:47:13.026266+00:00
20190708,18.300,reforecast,2026-08-04T19:47:15.621179+00:00
20190710,20.070,reforecast,2026-08-04T19:47:18.750861+00:00
20190711,16.357,reforecast,2026-08-04T19:47:21.272566+00:00
20190712,31.866,reforecast,2026-08-04T19:47:24.327240+00:00
20190713,34.094,reforecast,2026-08-04T19:47:26.848634+00:00
20190715,182.801,reforecast,2026-08-04T19:47:29.405160+00:00
20190716,426.058,reforecast,2026-08-04T19:47:31.914120+00:00
20190717,394.486,reforecast,2026-08-04T19:47:34.873560+00:00
20190718,556.382,reforecast,2026-08-04T19:47:37.483863+00:00
20190719,291.692,reforecast,2026-08-04T19:47:40.817945+00:00
20190720,150.584,reforecast,2026-08-04T19:47:44.095004+00:00
20190722,62.553,reforecast,2026-08-04T19:47:46.986195+00:00
20190724,37.028,reforecast,2026-08-04T19:47:49.961843+00:00
20190725,44.899,reforecast,2026-08-04T19:47:52.617664+00:00
20190726,18.046,reforecast,2026-08-04T19:47:55.742845+00:00
20190727,14.721,reforecast,2026-08-04T19:47:58.949449+00:00
20190729,12.544,reforecast,2026-08-04T19:48:01.635487+00:00
20190730,10.617,reforecast,2026-08-04T19:48:04.636603+00:00
20190731,19.664,reforecast,2026-08-04T19:48:07.092561+00:00
20190801,42.782,reforecast,2026-08-04T19:48:11.508018+00:00
20190802,77.027,reforecast,2026-08-04T19:48:15.715050+00:00
20190803,96.252,reforecast,2026-08-04T19:48:19.321218+00:00
20190805,165.419,reforecast,2026-08-04T19:48:22.149531+00:00
20190806,254.106,reforecast,2026-08-04T19:48:24.813163+00:00
20190807,163.056,reforecast,2026-08-04T19:48:27.297519+00:00
20190808,159.550,reforecast,2026-08-04T19:48:30.997257+00:00
20190809,116.777,reforecast,2026-08-04T19:48:33.691176+00:00
20190810,214.974,reforecast,2026-08-04T19:48:36.995996+00:00
20190813,125.424,reforecast,2026-08-04T19:48:39.824848+00:00
20190814,160.648,reforecast,2026-08-04T19:48:42.420683+00:00
20190816,99.270,reforecast,2026-08-04T19:48:45.155512+00:00
20190817,78.120,reforecast,2026-08-04T19:48:47.712362+00:00
20190819,141.442,reforecast,2026-08-04T19:48:50.226670+00:00
20190820,82.492,reforecast,2026-08-04T19:48:53.275209+00:00
20190821,139.660,reforecast,2026-08-04T19:48:55.975733+00:00
20190822,88.159,reforecast,2026-08-04T19:48:59.284290+00:00
20190823,48.172,reforecast,2026-08-04T19:49:01.986898+00:00
20190824,77.513,reforecast,2026-08-04T19:49:04.680314+00:00
20190826,76.770,reforecast,2026-08-04T19:49:07.313172+00:00
20190827,71.894,reforecast,2026-08-04T19:49:09.828088+00:00
20190828,56.228,reforecast,2026-08-04T19:49:12.444832+00:00
20190829,79.618,reforecast,2026-08-04T19:49:15.380660+00:00
20190830,63.478,reforecast,2026-08-04T19:49:17.885536+00:00
20190831,61.660,reforecast,2026-08-04T19:49:20.311182+00:00
20190902,51.820,reforecast,2026-08-04T19:49:22.878664+00:00
20190903,71.397,reforecast,2026-08-04T19:49:25.321978+00:00
20190904,86.078,reforecast,2026-08-04T19:49:28.019382+00:00
20190905,90.347,reforecast,2026-08-04T19:49:30.596716+00:00
20190906,49.359,reforecast,2026-08-04T19:49:33.020013+00:00
20190907,52.504,reforecast,2026-08-04T19:49:35.910570+00:00
20190909,41.998,reforecast,2026-08-04T19:49:38.361057+00:00
20190910,56.574,reforecast,2026-08-04T19:49:41.233373+00:00
20190912,39.601,reforecast,2026-08-04T19:49:43.892241+00:00
20190913,54.478,reforecast,2026-08-04T19:49:46.392863+00:00
20190914,43.270,reforecast,2026-08-04T19:49:49.138493+00:00
20190916,70.332,reforecast,2026-08-04T19:49:51.607893+00:00
20190917,45.644,reforecast,2026-08-04T19:49:54.574251+00:00
20190918,63.640,reforecast,2026-08-04T19:49:57.204007+00:00
20190919,42.432,reforecast,2026-08-04T19:50:00.061330+00:00
20190920,28.456,reforecast,2026-08-04T19:50:03.439571+00:00
20190921,83.604,reforecast,2026-08-04T19:50:06.874320+00:00
20190923,115.349,reforecast,2026-08-04T19:50:09.982807+00:00
20190924,99.373,reforecast,2026-08-04T19:50:12.642768+00:00
20190925,59.887,reforecast,2026-08-04T19:50:15.630991+00:00
20190926,73.864,reforecast,2026-08-04T19:50:18.226742+00:00
20190927,71.447,reforecast,2026-08-04T19:50:21.133431+00:00
20190928,58.679,reforecast,2026-08-04T19:50:23.656141+00:00
20190930,80.193,reforecast,2026-08-04T19:50:27.061229+00:00
20191001,66.559,reforecast,2026-08-04T19:50:29.965720+00:00
20191003,73.684,reforecast,2026-08-04T19:50:32.856857+00:00
20191004,71.353,reforecast,2026-08-04T19:50:35.521621+00:00
20191005,120.021,reforecast,2026-08-04T19:50:39.106404+00:00
20191007,80.331,reforecast,2026-08-04T19:50:41.699390+00:00
20191009,130.832,reforecast,2026-08-04T19:50:44.267955+00:00
20191010,141.578,reforecast,2026-08-04T19:50:47.014616+00:00
20191011,127.507,reforecast,2026-08-04T19:50:49.935786+00:00
20191012,139.427,reforecast,2026-08-04T19:50:52.545209+00:00
20191014,145.467,reforecast,2026-08-04T19:50:55.287375+00:00
20191015,221.897,reforecast,2026-08-04T19:50:57.888193+00:00
20191016,251.610,reforecast,2026-08-04T19:51:00.451413+00:00
20191017,153.877,reforecast,2026-08-04T19:51:03.633154+00:00
20191018,150.027,reforecast,2026-08-04T19:51:06.204450+00:00
20191019,173.186,reforecast,2026-08-04T19:51:09.187157+00:00
20191021,269.059,reforecast,2026-08-04T19:51:11.913216+00:00
20191022,92.750,reforecast,2026-08-04T19:51:16.830818+00:00
20191023,50.499,reforecast,2026-08-04T19:51:26.576218+00:00
20191024,57.441,reforecast,2026-08-04T19:51:31.643314+00:00
20191025,60.591,reforecast,2026-08-04T19:51:35.689286+00:00
20191026,68.311,reforecast,2026-08-04T19:51:38.632581+00:00
20191028,68.599,reforecast,2026-08-04T19:51:44.455229+00:00
20191029,82.808,reforecast,2026-08-04T19:51:51.210042+00:00
20191030,69.107,reforecast,2026-08-04T19:51:57.216311+00:00
20191031,58.861,reforecast,2026-08-04T19:52:03.554091+00:00
20191101,69.918,reforecast,2026-08-04T19:52:10.314065+00:00
20191102,75.976,reforecast,2026-08-04T19:52:16.479333+00:00
20191104,97.371,reforecast,2026-08-04T19:52:23.323120+00:00
20191105,84.161,reforecast,2026-08-04T19:52:30.816946+00:00
20191106,153.048,reforecast,2026-08-04T19:52:38.831720+00:00
20191107,95.031,reforecast,2026-08-04T19:52:50.523044+00:00
20191108,146.594,reforecast,2026-08-04T19:53:00.489502+00:00
20191109,131.694,reforecast,2026-08-04T19:53:11.936200+00:00
20191111,40.404,reforecast,2026-08-04T19:53:20.143801+00:00
20191112,30.877,reforecast,2026-08-04T19:53:28.452220+00:00
20191113,17.658,reforecast,2026-08-04T19:53:35.021745+00:00
20191114,37.204,reforecast,2026-08-04T19:53:41.508513+00:00
20191115,41.414,reforecast,2026-08-04T19:53:52.070359+00:00
20191116,41.168,reforecast,2026-08-04T19:54:00.419237+00:00
20191118,15.942,reforecast,2026-08-04T19:54:06.686284+00:00
20191119,22.114,reforecast,2026-08-04T19:54:12.571469+00:00
20191120,43.604,reforecast,2026-08-04T19:54:19.512294+00:00
20191121,9.083,reforecast,2026-08-04T19:54:25.558747+00:00
20191122,32.588,reforecast,2026-08-04T19:54:32.088863+00:00
20191123,8.324,reforecast,2026-08-04T19:54:38.281040+00:00
20191125,16.451,reforecast,2026-08-04T19:54:44.219931+00:00
20191126,25.620,reforecast,2026-08-04T19:54:50.518933+00:00
20191127,46.094,reforecast,2026-08-04T19:54:54.158813+00:00
20191128,88.510,reforecast,2026-08-04T19:55:00.202247+00:00
20191129,261.196,reforecast,2026-08-04T19:55:06.214311+00:00
20191130,51.212,reforecast,2026-08-04T19:55:11.840190+00:00
20191202,97.790,reforecast,2026-08-04T19:55:17.345201+00:00
20191203,20.190,reforecast,2026-08-04T19:55:23.077148+00:00
20191204,3.836,reforecast,2026-08-04T19:55:28.250824+00:00
20191205,8.871,reforecast,2026-08-04T19:55:34.050738+00:00
20191206,9.609,reforecast,2026-08-04T19:55:40.183837+00:00
20191207,14.949,reforecast,2026-08-04T19:55:45.935011+00:00
20191209,4.644,reforecast,2026-08-04T19:55:51.853588+00:00
20191210,11.791,reforecast,2026-08-04T19:55:57.863295+00:00
20191211,31.573,reforecast,2026-08-04T19:56:04.008258+00:00
20191212,27.650,reforecast,2026-08-04T19:56:09.933677+00:00
20191213,31.829,reforecast,2026-08-04T19:56:16.446070+00:00
20191214,18.769,reforecast,2026-08-04T19:56:22.066640+00:00
20191216,7.298,reforecast,2026-08-04T19:56:28.239080+00:00
20191217,10.707,reforecast,2026-08-04T19:56:34.171054+00:00
20191218,28.038,reforecast,2026-08-04T19:56:40.117150+00:00
20191219,25.194,reforecast,2026-08-04T19:56:45.798937+00:00
20191220,50.012,reforecast,2026-08-04T19:56:51.370471+00:00
20191221,18.449,reforecast,2026-08-04T19:56:56.983815+00:00
20191223,49.594,reforecast,2026-08-04T19:57:02.493542+00:00
20191224,49.162,reforecast,2026-08-04T19:57:08.612094+00:00
20191226,14.218,reforecast,2026-08-04T19:57:14.008139+00:00
20191227,3.528,reforecast,2026-08-04T19:57:19.455922+00:00
20191228,3.910,reforecast,2026-08-04T19:57:22.054872+00:00
20191230,6.417,reforecast,2026-08-04T19:57:24.933542+00:00
20191231,17.860,reforecast,2026-08-04T19:57:28.058019+00:00
